,Spain,,,,,,,,,,,,,,,,,,,,,,,,,,,,,,,,,,,,,,,,,,,,,,,,,,,,,,,,,,,,,,,,,,,,,,,,
,,,,,,,,,,,,,,,,,,,,,,,,,,,,,,,,,,,,,,,,,,,,,,,,,,,,,,,,,,,,,,,,,,,,,,,,,
,DATA,,,,,,,,,,,,,,,SIMULATIONS: Disaggregate elasticity scenario. WITH participation responses.,,,,,,,,,,,,,,,SIMULATIONS: Disaggregate elasticity scenario. WITHOUT participation responses.,,,,,,,,,,,,,,,SIMULATIONS: Aggregate elasticity scenario. WITH participation responses.,,,,,,,,,,,,,,,SIMULATIONS: Aggregate elasticity scenario. WITHOUT participation responses.,,,,,,,,,,,,
,Data input in yellow cells,,,,,,,,,,,,,,,Final results in blue cells,,,,,,,,,,,,,,,Final results in blue cells,,,,,,,,,,,,,,,Final results in blue cells,,,,,,,,,,,,,,,Final results in blue cells,,,,,,,,,,,,
,,,,,,,,,,,,,,,,,,,,,,,,,,,,,,,,,,,,,,,,,,,,,,,,,,,,,,,,,,,,,,,,,,,,,,,,,
,,,,,,,,,,,,,,,,Trade-off demogrant policy:,,1.52195780326695,,,,,,,,,,,,,Trade-off demogrant policy:,,1.159890956135421,,,,,,,,,,,,,Trade-off demogrant policy:,,1.52195780326695,,,,,,,,,,,,,Trade-off demogrant policy:,,1.159890956135421,,,,,,,,,,
,Participation Rate (p): ,,0.5869334710856148,,,,,,,,,,,,,Trade-off working poor policy:,,0.990565027915548,,,,,,,,,,,,,Trade-off working poor policy:,,1.3426468081417715,,,,,,,,,,,,,Trade-off working poor policy:,,0.990565027915548,,,,,,,,,,,,,Trade-off working poor policy:,,1.3426468081417715,,,,,,,,,,
,,,,,,,,,,,,,,,,,,,,,,,,,,,,,,,,,,,,,,,,,,,,,,,,,,,,,,,,,,,,,,,,,,,,,,,,,
,Wage shares,,,,,,,,,,,,,,,Input the hours-of-work elasticities used for the simulations,,,,,,,,,,,,,,,Input the hours-of-work elasticities used for the simulations,,,,,,,,,,,,,,,Input the hours-of-work elasticities used for the simulations,,,,,,,,,,,,,,,Input the hours-of-work elasticities used for the simulations,,,,,,,,,,,,
,,,,,,,,,,,,,,,,,,,,,,,,,,,,,,,,,,,,,,,,,,,,,,,,,,,,,,,,,,,,,,,,,,,,,,,,,
,Demographic Group,,Earnings Deciles,,,,,,,,,,,,,Demographic Group,,Earnings Deciles,,,,,,,,,,,,,Demographic Group,,Earnings Deciles,,,,,,,,,,,,,Demographic Group,,Earnings Deciles,,,,,,,,,,,,,Demographic Group,,Earnings Deciles,,,,,,,,,,
,,,1.0,2.0,3.0,4.0,5.0,6.0,7.0,8.0,9.0,10.0,Total,,,,,1.0,2.0,3.0,4.0,5.0,6.0,7.0,8.0,9.0,10.0,,,,,,1.0,2.0,3.0,4.0,5.0,6.0,7.0,8.0,9.0,10.0,,,,,,1.0,2.0,3.0,4.0,5.0,6.0,7.0,8.0,9.0,10.0,,,,,,1.0,2.0,3.0,4.0,5.0,6.0,7.0,8.0,9.0,10.0,
,"1. Single earners, no child",,0.006903684345445446,0.011854637903207097,0.014777608060331475,0.01312408966250751,0.022586826909932297,0.00945787421796784,0.02170925525027983,0.017306593646545788,0.016037423874689954,0.0122646431754595,0.14602263704636675,,,"1. Single earners, no child",,0.1,0.1,0.1,0.1,0.1,0.1,0.1,0.1,0.1,0.1,,,,"1. Single earners, no child",,0.1,0.1,0.1,0.1,0.1,0.1,0.1,0.1,0.1,0.1,,,,"1. Single earners, no child",,0.1,0.1,0.1,0.1,0.1,0.1,0.1,0.1,0.1,0.1,,,,"1. Single earners, no child",,0.1,0.1,0.1,0.1,0.1,0.1,0.1,0.1,0.1,0.1,
,2. Lone parents,,0.0005321608303621844,0.0013375315965879794,0.0010597207097354181,4.396138685059394e-05,0.0004872325442719701,0.0019663085449629207,0.0006390055525625138,0.0014922476830331436,0.001320883527344011,0.0,0.008879052375710735,,,2. Lone parents,,0.1,0.1,0.1,0.1,0.1,0.1,0.1,0.1,0.1,0.1,,,,2. Lone parents,,0.1,0.1,0.1,0.1,0.1,0.1,0.1,0.1,0.1,0.1,,,,2. Lone parents,,0.1,0.1,0.1,0.1,0.1,0.1,0.1,0.1,0.1,0.1,,,,2. Lone parents,,0.1,0.1,0.1,0.1,0.1,0.1,0.1,0.1,0.1,0.1,
,"3. Male, working partner, no child",,0.0010027079959103052,0.0016237765708694383,0.004107547392918437,0.0033854848275515015,0.0027995675008875985,0.00838324163486636,0.008084649254044245,0.012240570536919007,0.013575758492261536,0.02164817068701024,0.07685147489323868,,,"3. Male, working partner, no child",,0.1,0.1,0.1,0.1,0.1,0.1,0.1,0.1,0.1,0.1,,,,"3. Male, working partner, no child",,0.1,0.1,0.1,0.1,0.1,0.1,0.1,0.1,0.1,0.1,,,,"3. Male, working partner, no child",,0.1,0.1,0.1,0.1,0.1,0.1,0.1,0.1,0.1,0.1,,,,"3. Male, working partner, no child",,0.1,0.1,0.1,0.1,0.1,0.1,0.1,0.1,0.1,0.1,
,"4. Female, working partner, no child",,0.003879964608830441,0.007513898760001992,0.003934044683955197,0.004455007616981562,0.0038239396804683537,0.004865053613038295,0.003652095861826925,0.0037251779225974985,0.005102437919192711,0.005697505539095453,0.04664912620598843,,,"4. Female, working partner, no child",,0.1,0.1,0.1,0.1,0.1,0.1,0.1,0.1,0.1,0.1,,,,"4. Female, working partner, no child",,0.1,0.1,0.1,0.1,0.1,0.1,0.1,0.1,0.1,0.1,,,,"4. Female, working partner, no child",,0.1,0.1,0.1,0.1,0.1,0.1,0.1,0.1,0.1,0.1,,,,"4. Female, working partner, no child",,0.1,0.1,0.1,0.1,0.1,0.1,0.1,0.1,0.1,0.1,
,"5. Male, working partner, child",,0.002101168758392433,0.002305203170129516,0.004538316299083134,0.009097311393194075,0.008118154834331632,0.011895122360697988,0.016381466653648574,0.01896020091424608,0.03885169996132001,0.08182449950035145,0.1940731438453949,,,"5. Male, working partner, child",,0.1,0.1,0.1,0.1,0.1,0.1,0.1,0.1,0.1,0.1,,,,"5. Male, working partner, child",,0.1,0.1,0.1,0.1,0.1,0.1,0.1,0.1,0.1,0.1,,,,"5. Male, working partner, child",,0.1,0.1,0.1,0.1,0.1,0.1,0.1,0.1,0.1,0.1,,,,"5. Male, working partner, child",,0.1,0.1,0.1,0.1,0.1,0.1,0.1,0.1,0.1,0.1,
,"6. Female, working partner, child",,0.005588579219575538,0.0056493941519425005,0.006847973683196094,0.007683737400082758,0.00579667617608468,0.0051172029752982046,0.013296611910408054,0.012824467754363944,0.013245674637920693,0.01263469344280835,0.0886850113516808,,,"6. Female, working partner, child",,0.1,0.1,0.1,0.1,0.1,0.1,0.1,0.1,0.1,0.1,,,,"6. Female, working partner, child",,0.1,0.1,0.1,0.1,0.1,0.1,0.1,0.1,0.1,0.1,,,,"6. Female, working partner, child",,0.1,0.1,0.1,0.1,0.1,0.1,0.1,0.1,0.1,0.1,,,,"6. Female, working partner, child",,0.1,0.1,0.1,0.1,0.1,0.1,0.1,0.1,0.1,0.1,
,"7. Male, non-working partner, no child",,0.002314844676050746,0.00442640498702245,0.006616701385894665,0.009472901366497845,0.012481346209305407,0.009311837637635281,0.015164157634554988,0.018055475086946347,0.02634826042527976,0.03773979635683307,0.1419317257660206,,,"7. Male, non-working partner, no child",,0.1,0.1,0.1,0.1,0.1,0.1,0.1,0.1,0.1,0.1,,,,"7. Male, non-working partner, no child",,0.1,0.1,0.1,0.1,0.1,0.1,0.1,0.1,0.1,0.1,,,,"7. Male, non-working partner, no child",,0.1,0.1,0.1,0.1,0.1,0.1,0.1,0.1,0.1,0.1,,,,"7. Male, non-working partner, no child",,0.1,0.1,0.1,0.1,0.1,0.1,0.1,0.1,0.1,0.1,
,"8. Female, non-working partner, no child",,0.002392551051991827,0.002625123215825259,0.003177744618871829,0.0025231498623196433,0.0011659911695370258,0.004109877627096492,0.003663621897495907,0.0,0.00193776484495786,0.0011878781452606278,0.022783702433356465,,,"8. Female, non-working partner, no child",,0.1,0.1,0.1,0.1,0.1,0.1,0.1,0.1,0.1,0.1,,,,"8. Female, non-working partner, no child",,0.1,0.1,0.1,0.1,0.1,0.1,0.1,0.1,0.1,0.1,,,,"8. Female, non-working partner, no child",,0.1,0.1,0.1,0.1,0.1,0.1,0.1,0.1,0.1,0.1,,,,"8. Female, non-working partner, no child",,0.1,0.1,0.1,0.1,0.1,0.1,0.1,0.1,0.1,0.1,
,"9. Male, non-working partner, child",,0.0018343049440549184,0.005295819180618042,0.0110096876140692,0.01595624059350546,0.01782392706581836,0.02476883359845179,0.027165966929862125,0.03591142041531462,0.03557139672235689,0.08542744569014735,0.26076504275419876,,,"9. Male, non-working partner, child",,0.1,0.1,0.1,0.1,0.1,0.1,0.1,0.1,0.1,0.1,,,,"9. Male, non-working partner, child",,0.1,0.1,0.1,0.1,0.1,0.1,0.1,0.1,0.1,0.1,,,,"9. Male, non-working partner, child",,0.1,0.1,0.1,0.1,0.1,0.1,0.1,0.1,0.1,0.1,,,,"9. Male, non-working partner, child",,0.1,0.1,0.1,0.1,0.1,0.1,0.1,0.1,0.1,0.1,
,"10. Female, non-working partner, child",,0.0012354450998265287,0.002322682636531997,0.001993101687792967,0.001661274785785311,0.001121122460518136,0.00013919712800902298,0.00041206999457243395,0.0015040519428637514,0.00066140455100154,0.0023087318172624175,0.013359082104164106,,,"10. Female, non-working partner, child",,0.1,0.1,0.1,0.1,0.1,0.1,0.1,0.1,0.1,0.1,,,,"10. Female, non-working partner, child",,0.1,0.1,0.1,0.1,0.1,0.1,0.1,0.1,0.1,0.1,,,,"10. Female, non-working partner, child",,0.1,0.1,0.1,0.1,0.1,0.1,0.1,0.1,0.1,0.1,,,,"10. Female, non-working partner, child",,0.1,0.1,0.1,0.1,0.1,0.1,0.1,0.1,0.1,0.1,
,Total:,,0.027785411530440368,0.04495447217273628,0.05806244613584842,0.06740315889527626,0.07620478455115547,0.0800145493380242,0.1101689009392556,0.12202020590283018,0.15265270495632496,0.2607333643542285,0.9999999987761203,,,,,,,,,,,,,,,,,,,,,,,,,,,,,,,,,,,,,,,,,,,,,,,,,,,,,,,,,,,,
,Source: EUROMOD,,,,,,,,,,,,,,,,,,,,,,,,,,,,,,,,,,,,,,,,,,,,,,,,,,,,,,,,,,,,,,,,,,,,,,,,
,,,,,,,,,,,,,,,,,,,,,,,,,,,,,,,,,,,,,,,,,,,,,,,,,,,,,,,,,,,,,,,,,,,,,,,,,
,,,,,,,,,,,,,,,,,,,,,,,,,,,,,,,,,,,,,,,,,,,,,,,,,,,,,,,,,,,,,,,,,,,,,,,,,
,Employment shares,,,,,,,,,,,,,,,Input the participation elasticities used for the simulations,,,,,,,,,,,,,,,Input the participation elasticities used for the simulations,,,,,,,,,,,,,,,Input the participation elasticities used for the simulations,,,,,,,,,,,,,,,Input the participation elasticities used for the simulations,,,,,,,,,,,,
,,,,,,,,,,,,,,,,,,,,,,,,,,,,,,,,,,,,,,,,,,,,,,,,,,,,,,,,,,,,,,,,,,,,,,,,,
,Demographic Group,,Earnings Deciles,,,,,,,,,,,,,Demographic Group,,Earnings Deciles,,,,,,,,,,,,,Demographic Group,,Earnings Deciles,,,,,,,,,,,,,Demographic Group,,Earnings Deciles,,,,,,,,,,,,,Demographic Group,,Earnings Deciles,,,,,,,,,,
,,,1.0,2.0,3.0,4.0,5.0,6.0,7.0,8.0,9.0,10.0,Total,,,,,1.0,2.0,3.0,4.0,5.0,6.0,7.0,8.0,9.0,10.0,,,,,,1.0,2.0,3.0,4.0,5.0,6.0,7.0,8.0,9.0,10.0,,,,,,1.0,2.0,3.0,4.0,5.0,6.0,7.0,8.0,9.0,10.0,,,,,,1.0,2.0,3.0,4.0,5.0,6.0,7.0,8.0,9.0,10.0,
,"1. Single earners, no child",,0.023062285043303904,0.02642204547004679,0.025292494748825105,0.019419611266856863,0.0295595997477573,0.01093249131382052,0.02149759530171479,0.01441985757483627,0.010326607422768962,0.005421228024157247,0.18635381591408778,,,"1. Single earners, no child",,0.4,0.4,0.3,0.3,0.2,0.2,0.1,0.1,0.0,0.0,,,,"1. Single earners, no child",,0.0,0.0,0.0,0.0,0.0,0.0,0.0,0.0,0.0,0.0,,,,"1. Single earners, no child",,0.4,0.4,0.3,0.3,0.2,0.2,0.1,0.1,0.0,0.0,,,,"1. Single earners, no child",,0.0,0.0,0.0,0.0,0.0,0.0,0.0,0.0,0.0,0.0,
,2. Lone parents,,0.0015979129400341555,0.0029219283571324628,0.0018419426630306547,6.7870428403912e-05,0.0006203855373137655,0.0022790409877929394,0.000627771100211402,0.001234170669159934,0.0008452610664004761,0.0,0.0120362837494797,,,2. Lone parents,,0.4,0.4,0.3,0.3,0.2,0.2,0.1,0.1,0.0,0.0,,,,2. Lone parents,,0.0,0.0,0.0,0.0,0.0,0.0,0.0,0.0,0.0,0.0,,,,2. Lone parents,,0.4,0.4,0.3,0.3,0.2,0.2,0.1,0.1,0.0,0.0,,,,2. Lone parents,,0.0,0.0,0.0,0.0,0.0,0.0,0.0,0.0,0.0,0.0,
,"3. Male, working partner, no child",,0.003025806605823112,0.003610997417683176,0.007044403554860466,0.004987850418246776,0.0037408283496988435,0.009535143706032543,0.007962509071456637,0.010161772282867246,0.0087141454980953,0.007837917954580702,0.0666213748593448,,,"3. Male, working partner, no child",,0.4,0.4,0.3,0.3,0.2,0.2,0.1,0.1,0.0,0.0,,,,"3. Male, working partner, no child",,0.0,0.0,0.0,0.0,0.0,0.0,0.0,0.0,0.0,0.0,,,,"3. Male, working partner, no child",,0.4,0.4,0.3,0.3,0.2,0.2,0.1,0.1,0.0,0.0,,,,"3. Male, working partner, no child",,0.0,0.0,0.0,0.0,0.0,0.0,0.0,0.0,0.0,0.0,
,"4. Female, working partner, no child",,0.014684628103421051,0.016802070615855234,0.006736037290929331,0.006682850877946072,0.004871069163576483,0.005512294645457218,0.0036305600021020413,0.0030798379312372637,0.003491872137297604,0.0026201702590586467,0.06811139102688094,,,"4. Female, working partner, no child",,0.4,0.4,0.3,0.3,0.2,0.2,0.1,0.1,0.0,0.0,,,,"4. Female, working partner, no child",,0.0,0.0,0.0,0.0,0.0,0.0,0.0,0.0,0.0,0.0,,,,"4. Female, working partner, no child",,0.4,0.4,0.3,0.3,0.2,0.2,0.1,0.1,0.0,0.0,,,,"4. Female, working partner, no child",,0.0,0.0,0.0,0.0,0.0,0.0,0.0,0.0,0.0,0.0,
,"5. Male, working partner, child",,0.008389306448912785,0.00510254509813079,0.00793435903378207,0.013449672082821338,0.010573969069092245,0.013640170249501727,0.0159890529986975,0.015504622698957603,0.02553604856592195,0.031300500196520906,0.14742024644233892,,,"5. Male, working partner, child",,0.4,0.4,0.3,0.3,0.2,0.2,0.1,0.1,0.0,0.0,,,,"5. Male, working partner, child",,0.0,0.0,0.0,0.0,0.0,0.0,0.0,0.0,0.0,0.0,,,,"5. Male, working partner, child",,0.4,0.4,0.3,0.3,0.2,0.2,0.1,0.1,0.0,0.0,,,,"5. Male, working partner, child",,0.0,0.0,0.0,0.0,0.0,0.0,0.0,0.0,0.0,0.0,
,"6. Female, working partner, child",,0.021387910147405532,0.012832182140922282,0.012104784903558203,0.01136183914335853,0.007653857419193506,0.005759664246179966,0.012906129148487612,0.010624244171871607,0.00870913965870566,0.005010990736336843,0.10835074171601974,,,"6. Female, working partner, child",,0.4,0.4,0.3,0.3,0.2,0.2,0.1,0.1,0.0,0.0,,,,"6. Female, working partner, child",,0.0,0.0,0.0,0.0,0.0,0.0,0.0,0.0,0.0,0.0,,,,"6. Female, working partner, child",,0.4,0.4,0.3,0.3,0.2,0.2,0.1,0.1,0.0,0.0,,,,"6. Female, working partner, child",,0.0,0.0,0.0,0.0,0.0,0.0,0.0,0.0,0.0,0.0,
,"7. Male, non-working partner, no child",,0.007849849165757513,0.009691760205200054,0.01135208161734262,0.014023740898142765,0.016516376912523723,0.01068870352097358,0.015026320584970774,0.014971940236028911,0.017034363719447183,0.01628484161098805,0.13343997847137518,,,"7. Male, non-working partner, no child",,0.4,0.4,0.3,0.3,0.2,0.2,0.1,0.1,0.0,0.0,,,,"7. Male, non-working partner, no child",,0.0,0.0,0.0,0.0,0.0,0.0,0.0,0.0,0.0,0.0,,,,"7. Male, non-working partner, no child",,0.4,0.4,0.3,0.3,0.2,0.2,0.1,0.1,0.0,0.0,,,,"7. Male, non-working partner, no child",,0.0,0.0,0.0,0.0,0.0,0.0,0.0,0.0,0.0,0.0,
,"8. Female, non-working partner, no child",,0.009154968227894519,0.005703780321729628,0.005514000185108188,0.003750018591226138,0.0015660976702942795,0.004825073915728345,0.0035692818307565192,0.0,0.001274061594453401,0.0004260873017966612,0.035783369638987685,,,"8. Female, non-working partner, no child",,0.4,0.4,0.3,0.3,0.2,0.2,0.1,0.1,0.0,0.0,,,,"8. Female, non-working partner, no child",,0.0,0.0,0.0,0.0,0.0,0.0,0.0,0.0,0.0,0.0,,,,"8. Female, non-working partner, no child",,0.4,0.4,0.3,0.3,0.2,0.2,0.1,0.1,0.0,0.0,,,,"8. Female, non-working partner, no child",,0.0,0.0,0.0,0.0,0.0,0.0,0.0,0.0,0.0,0.0,
,"9. Male, non-working partner, child",,0.0062563984498130295,0.01146947361468397,0.019114977556371867,0.023797607190651243,0.023181382580296225,0.028149432170159694,0.026551610608714502,0.029407092374947146,0.02302393707749675,0.03117290639085211,0.22212481801398654,,,"9. Male, non-working partner, child",,0.4,0.4,0.3,0.3,0.2,0.2,0.1,0.1,0.0,0.0,,,,"9. Male, non-working partner, child",,0.0,0.0,0.0,0.0,0.0,0.0,0.0,0.0,0.0,0.0,,,,"9. Male, non-working partner, child",,0.4,0.4,0.3,0.3,0.2,0.2,0.1,0.1,0.0,0.0,,,,"9. Male, non-working partner, child",,0.0,0.0,0.0,0.0,0.0,0.0,0.0,0.0,0.0,0.0,
,"10. Female, non-working partner, child",,0.004506740013229598,0.005008198354105424,0.0033655714065660954,0.0024716455182533983,0.0014839717939920667,0.0001530665088895624,0.0004401367113478652,0.0012442931275024837,0.00047229693041084687,0.0006120598032014097,0.019757980167498752,,,"10. Female, non-working partner, child",,0.4,0.4,0.3,0.3,0.2,0.2,0.1,0.1,0.0,0.0,,,,"10. Female, non-working partner, child",,0.0,0.0,0.0,0.0,0.0,0.0,0.0,0.0,0.0,0.0,,,,"10. Female, non-working partner, child",,0.4,0.4,0.3,0.3,0.2,0.2,0.1,0.1,0.0,0.0,,,,"10. Female, non-working partner, child",,0.0,0.0,0.0,0.0,0.0,0.0,0.0,0.0,0.0,0.0,
,Total:,,0.09991580514559519,0.0995649815954898,0.10030065296037459,0.10001270641590702,0.09976753824373844,0.09147508126453609,0.10820096735845963,0.10064783106740846,0.09942773367099812,0.10068670227749257,1.0,,,,,,,,,,,,,,,,,,,,,,,,,,,,,,,,,,,,,,,,,,,,,,,,,,,,,,,,,,,,
,Source: EUROMOD,,,,,,,,,,,,,,,,,,,,,,,,,,,,,,,,,,,,,,,,,,,,,,,,,,,,,,,,,,,,,,,,,,,,,,,,
,,,,,,,,,,,,,,,,,,,,,,,,,,,,,,,,,,,,,,,,,,,,,,,,,,,,,,,,,,,,,,,,,,,,,,,,,
,,,,,,,,,,,,,,,,,,,,,,,,,,,,,,,,,,,,,,,,,,,,,,,,,,,,,,,,,,,,,,,,,,,,,,,,,
,Effective marginal tax rate,,,,,,,,,,,,,,,Calculating the efficiency loss of the demogrant policy (Dd) from eq. (15),,,,,,,,,,,,,,,Calculating the efficiency loss of the demogrant policy (Dd) from eq. (15),,,,,,,,,,,,,,,Calculating the efficiency loss of the demogrant policy (Dd) from eq. (15),,,,,,,,,,,,,,,Calculating the efficiency loss of the demogrant policy (Dd) from eq. (15),,,,,,,,,,,,
,,,,,,,,,,,,,Popul.,,,,,,,,,,,,,,,,,,,,,,,,,,,,,,,,,,,,,,,,,,,,,,,,,,,,,,,,,,,,
,Demographic Group,,Earnings Deciles,,,,,,,,,,weigthed,,,Demographic Group,,Earnings Deciles,,,,,,,,,,,,,Demographic Group,,Earnings Deciles,,,,,,,,,,,,,Demographic Group,,Earnings Deciles,,,,,,,,,,,,,Demographic Group,,Earnings Deciles,,,,,,,,,,
,,,1.0,2.0,3.0,4.0,5.0,6.0,7.0,8.0,9.0,10.0,average,,,,,1.0,2.0,3.0,4.0,5.0,6.0,7.0,8.0,9.0,10.0,Total,,,,,1.0,2.0,3.0,4.0,5.0,6.0,7.0,8.0,9.0,10.0,Total,,,,,1.0,2.0,3.0,4.0,5.0,6.0,7.0,8.0,9.0,10.0,Total,,,,,1.0,2.0,3.0,4.0,5.0,6.0,7.0,8.0,9.0,10.0,Total
,"1. Single earners, no child",,0.15312022385124055,0.36593038387214405,0.37814080288973684,0.38860687633338786,0.3964564314161261,0.36418603829820223,0.3903512219073297,0.397328604203097,0.40430598649886434,0.47146329109562485,0.35879736469120127,,,"1. Single earners, no child",,0.0021372736997629775,0.004543859336360641,0.005166883387375787,0.004889027851492098,0.006403319405029508,0.0026431658428271495,0.003842387130968347,0.0030787140332344,0.0010884827333495772,0.0010940260039084234,0.034887139424308905,,,"1. Single earners, no child",,0.00012482216746042914,0.0006841476216881394,0.0008985983648212842,0.0008341787454003817,0.0014836862257908492,0.0005417348390628579,0.0013900190762551991,0.0011409874012685906,0.0010884827333495772,0.0010940260039084234,0.009280683179005732,,,"1. Single earners, no child",,0.0021372736997629775,0.004543859336360641,0.005166883387375787,0.004889027851492098,0.006403319405029508,0.0026431658428271495,0.003842387130968347,0.0030787140332344,0.0010884827333495772,0.0010940260039084234,0.034887139424308905,,,"1. Single earners, no child",,0.00012482216746042914,0.0006841476216881394,0.0008985983648212842,0.0008341787454003817,0.0014836862257908492,0.0005417348390628579,0.0013900190762551991,0.0011409874012685906,0.0010884827333495772,0.0010940260039084234,0.009280683179005732
,2. Lone parents,,0.14439849598153137,0.407794677646748,0.4025616409249225,0.18015758024733894,0.39994512256400977,0.36593038387214405,0.37203559338094044,0.37814080288973684,0.39122339469430056,0.12782721302908398,0.35634136571476366,,,2. Lone parents,,0.0001848953830837464,0.0005437961734941308,0.00037114518392617976,1.2380639458619116e-05,0.00013294018951634295,0.0005427972754163786,8.166496503733354e-05,0.00024721252363426785,8.488508478472375e-05,0.0,0.002201717418351723,,,2. Lone parents,,8.981193132980233e-06,9.210289838421612e-05,7.140534271914805e-05,9.660365075656337e-07,3.247474305494908e-05,0.00011347839769762279,3.7857688654880375e-05,9.074075604166852e-05,8.488508478472375e-05,0.0,0.0005328921409777545,,,2. Lone parents,,0.0001848953830837464,0.0005437961734941308,0.00037114518392617976,1.2380639458619116e-05,0.00013294018951634295,0.0005427972754163786,8.166496503733354e-05,0.00024721252363426785,8.488508478472375e-05,0.0,0.002201717418351723,,,2. Lone parents,,8.981193132980233e-06,9.210289838421612e-05,7.140534271914805e-05,9.660365075656337e-07,3.247474305494908e-05,0.00011347839769762279,3.7857688654880375e-05,9.074075604166852e-05,8.488508478472375e-05,0.0,0.0005328921409777545
,"3. Male, working partner, no child",,0.16620281565580428,0.4034338137118934,0.34499823698484205,0.376396457315795,0.36069734715031854,0.3624416927242604,0.39122339469430056,0.3982007769900679,0.4025616409249225,0.490651092408985,0.38407886024061544,,,"3. Male, working partner, no child",,0.00038999811172163337,0.0007235023807923782,0.001371936364604923,0.0011871871652674635,0.0007288949945615252,0.0023437505501762825,0.001470277524086494,0.002161404375592372,0.0009147520463711107,0.0020853482628388213,0.013377051776013005,,,"3. Male, working partner, no child",,1.9987221752488707e-05,0.00010980950473875996,0.00021635004497777988,0.00020434208726618195,0.00015795282034842991,0.000476573868457706,0.0005195508333457838,0.0008099386825766038,0.0009147520463711107,0.0020853482628388213,0.005514605372673667,,,"3. Male, working partner, no child",,0.00038999811172163337,0.0007235023807923782,0.001371936364604923,0.0011871871652674635,0.0007288949945615252,0.0023437505501762825,0.001470277524086494,0.002161404375592372,0.0009147520463711107,0.0020853482628388213,0.013377051776013005,,,"3. Male, working partner, no child",,1.9987221752488707e-05,0.00010980950473875996,0.00021635004497777988,0.00020434208726618195,0.00015795282034842991,0.000476573868457706,0.0005195508333457838,0.0008099386825766038,0.0009147520463711107,0.0020853482628388213,0.005514605372673667
,"4. Female, working partner, no child",,0.20457841828252457,0.30487828878417994,0.3729077661679114,0.39296774026824244,0.39122339469430056,0.3179608805887436,0.39471208584218426,0.38860687633338786,0.40081729535098065,0.4470424530604392,0.32482059300140836,,,"4. Female, working partner, no child",,0.0014484856325563044,0.0030940837777161476,0.001466168834402042,0.0018436156559071479,0.0011127085534631347,0.0013345796473657116,0.0006849359122598386,0.0006597460281170549,0.0003413224965605581,0.000460618878722179,0.01244626541707012,,,"4. Female, working partner, no child",,9.979073247583055e-05,0.00032955733637497157,0.00023394259025240872,0.00028839888622997736,0.0002457411552712081,0.00022680469299890055,0.00023815548627350723,0.0002367756031675773,0.0003413224965605581,0.000460618878722179,0.0027011078583271185,,,"4. Female, working partner, no child",,0.0014484856325563044,0.0030940837777161476,0.001466168834402042,0.0018436156559071479,0.0011127085534631347,0.0013345796473657116,0.0006849359122598386,0.0006597460281170549,0.0003413224965605581,0.000460618878722179,0.01244626541707012,,,"4. Female, working partner, no child",,9.979073247583055e-05,0.00032955733637497157,0.00023394259025240872,0.00028839888622997736,0.0002457411552712081,0.00022680469299890055,0.00023815548627350723,0.0002367756031675773,0.0003413224965605581,0.000460618878722179,0.0027011078583271185
,"5. Male, working partner, child",,0.19585669041281545,0.2778409323880815,0.355464310428493,0.3729077661679114,0.38860687633338786,0.36941907502002774,0.3920955674812715,0.3982007769900679,0.39994512256400977,0.49326761076989767,0.394385808764186,,,"5. Male, working partner, child",,0.0008830469115173623,0.0009043700451256433,0.0015032733771233853,0.0034073352148968543,0.002235481176450061,0.0034178279323588004,0.002900647614877064,0.003372300261935473,0.002589521140007368,0.007965027740244433,0.029178831414536442,,,"5. Male, working partner, child",,5.1175947634111234e-05,8.868957364901963e-05,0.0002502901700963143,0.0005409823127674491,0.0005159971006609944,0.00069686299183228,0.0010565970768012089,0.0012545657168148226,0.002589521140007368,0.007965027740244433,0.015009709770508,,,"5. Male, working partner, child",,0.0008830469115173623,0.0009043700451256433,0.0015032733771233853,0.0034073352148968543,0.002235481176450061,0.0034178279323588004,0.002900647614877064,0.003372300261935473,0.002589521140007368,0.007965027740244433,0.029178831414536442,,,"5. Male, working partner, child",,5.1175947634111234e-05,8.868957364901963e-05,0.0002502901700963143,0.0005409823127674491,0.0005159971006609944,0.00069686299183228,0.0010565970768012089,0.0012545657168148226,0.002589521140007368,0.007965027740244433,0.015009709770508
,"6. Female, working partner, child",,0.24905923041804132,0.3266826084584528,0.366802556659115,0.3729077661679114,0.3955842586291552,0.366802556659115,0.39296774026824244,0.38947904912035874,0.40692250485977705,0.48977891962201403,0.3557348222341405,,,"6. Female, working partner, child",,0.0022047983757732684,0.002386421354286883,0.0023783442468552356,0.0029720407954593707,0.001705354651462971,0.0015518616887749907,0.002525830112227457,0.002321361528061327,0.000908812616628784,0.0012128480657031307,0.02016767343523342,,,"6. Female, working partner, child",,0.00018535246665760225,0.00027409938328507065,0.00039669368241248475,0.0004569224740954011,0.0003793868509163807,0.0002964325194333606,0.000860768015519603,0.0008181310566406859,0.000908812616628784,0.0012128480657031307,0.005789447131292504,,,"6. Female, working partner, child",,0.0022047983757732684,0.002386421354286883,0.0023783442468552356,0.0029720407954593707,0.001705354651462971,0.0015518616887749907,0.002525830112227457,0.002321361528061327,0.000908812616628784,0.0012128480657031307,0.02016767343523342,,,"6. Female, working partner, child",,0.00018535246665760225,0.00027409938328507065,0.00039669368241248475,0.0004569224740954011,0.0003793868509163807,0.0002964325194333606,0.000860768015519603,0.0008181310566406859,0.000908812616628784,0.0012128480657031307,0.005789447131292504
,"7. Male, non-working partner, no child",,0.15835326057306603,0.3528477920675803,0.35459213764152214,0.36069734715031854,0.34935910091969663,0.35023127370666757,0.37465211174185314,0.37726863010276585,0.3859903579724751,0.45401983535620655,0.36351131945496257,,,"7. Male, non-working partner, no child",,0.0006841810527420304,0.0016911421119162168,0.0021962333690232244,0.0033262055995868494,0.003065813544259869,0.002331431880472395,0.002472733706774709,0.002840149381423768,0.0016563541966413981,0.003138322092613937,0.023402566935454394,,,"7. Male, non-working partner, no child",,4.3553094784449164e-05,0.00024134155880542053,0.0003635267596502952,0.0005344652298065468,0.000670181031674159,0.0005019165472895362,0.000908499698687254,0.001093852772027684,0.0016563541966413981,0.003138322092613937,0.00915201298198068,,,"7. Male, non-working partner, no child",,0.0006841810527420304,0.0016911421119162168,0.0021962333690232244,0.0033262055995868494,0.003065813544259869,0.002331431880472395,0.002472733706774709,0.002840149381423768,0.0016563541966413981,0.003138322092613937,0.023402566935454394,,,"7. Male, non-working partner, no child",,4.3553094784449164e-05,0.00024134155880542053,0.0003635267596502952,0.0005344652298065468,0.000670181031674159,0.0005019165472895362,0.000908499698687254,0.001093852772027684,0.0016563541966413981,0.003138322092613937,0.00915201298198068
,"8. Female, non-working partner, no child",,0.14178197762061864,0.2534200943528959,0.3920955674812715,0.37726863010276585,0.3982007769900679,0.36941907502002774,0.38424601239853323,0.12782721302908398,0.4200050966643408,0.5203049671659962,0.3033427883110392,,,"8. Female, non-working partner, no child",,0.0007431284552638503,0.0009130243232176353,0.001158205405704782,0.0009836635823280016,0.00032995813724205473,0.0011373896174829553,0.0006245073592372668,0.0,0.00014032383842315898,0.0001288441315966079,0.006159044850496313,,,"8. Female, non-working partner, no child",,3.952615895541494e-05,8.910753798895728e-05,0.0002049630686989143,0.00015285969811644492,7.71517429602163e-05,0.00024077277496075764,0.00022861924297595842,0.0,0.00014032383842315898,0.0001288441315966079,0.0013021681946764306,,,"8. Female, non-working partner, no child",,0.0007431284552638503,0.0009130243232176353,0.001158205405704782,0.0009836635823280016,0.00032995813724205473,0.0011373896174829553,0.0006245073592372668,0.0,0.00014032383842315898,0.0001288441315966079,0.006159044850496313,,,"8. Female, non-working partner, no child",,3.952615895541494e-05,8.910753798895728e-05,0.0002049630686989143,0.00015285969811644492,7.71517429602163e-05,0.00024077277496075764,0.00022861924297595842,0.0,0.00014032383842315898,0.0001288441315966079,0.0013021681946764306
,"9. Male, non-working partner, child",,0.17492454352551345,0.30923915271903446,0.3083669799320635,0.3162165350148018,0.3406373730499875,0.34325389141090024,0.36941907502002774,0.3755242845288241,0.39122339469430056,0.4679745999477412,0.3604597668305927,,,"9. Male, non-working partner, child",,0.0005954457976582286,0.0019192420167024136,0.0034939748929882918,0.005142070176496861,0.004376961053371586,0.006201600760865164,0.0043682930686270265,0.00574552441637115,0.0022859555473144417,0.007514279340324206,0.04164334707071937,,,"9. Male, non-working partner, child",,3.888916492516234e-05,0.00023708272447894166,0.000490870739400569,0.0007378983802204173,0.0009208128342395766,0.0012945639733812253,0.0015914890504455186,0.0021595091888720994,0.0022859555473144417,0.007514279340324206,0.017271350943602156,,,"9. Male, non-working partner, child",,0.0005954457976582286,0.0019192420167024136,0.0034939748929882918,0.005142070176496861,0.004376961053371586,0.006201600760865164,0.0043682930686270265,0.00574552441637115,0.0022859555473144417,0.007514279340324206,0.04164334707071937,,,"9. Male, non-working partner, child",,3.888916492516234e-05,0.00023708272447894166,0.000490870739400569,0.0007378983802204173,0.0009208128342395766,0.0012945639733812253,0.0015914890504455186,0.0021595091888720994,0.0022859555473144417,0.007514279340324206,0.017271350943602156
,"10. Female, non-working partner, child",,0.12957155860302583,0.28307396910990695,0.3476147553457548,0.3214495717366273,0.386862530759446,0.3633138655112313,0.3633138655112313,0.38511818518550417,0.39296774026824244,0.5900787901236695,0.2926230543223692,,,"10. Female, non-working partner, child",,0.0004226037671955626,0.0009215813646803517,0.0006814129717077268,0.0005436905733273987,0.00028865494212648203,3.9570054693355485e-05,7.016364102974469e-05,0.00019529457369988902,4.2816612732420356e-05,0.00033234037288805613,0.003538128874080988,,,"10. Female, non-working partner, child",,1.8390776259112096e-05,9.1709739160883e-05,0.0001061997586945048,7.869954040030056e-05,7.073785148125411e-05,7.943041933153945e-06,2.3514057316406665e-05,9.42031038656055e-05,4.2816612732420356e-05,0.00033234037288805613,0.0008665548547316972,,,"10. Female, non-working partner, child",,0.0004226037671955626,0.0009215813646803517,0.0006814129717077268,0.0005436905733273987,0.00028865494212648203,3.9570054693355485e-05,7.016364102974469e-05,0.00019529457369988902,4.2816612732420356e-05,0.00033234037288805613,0.003538128874080988,,,"10. Female, non-working partner, child",,1.8390776259112096e-05,9.1709739160883e-05,0.0001061997586945048,7.869954040030056e-05,7.073785148125411e-05,7.943041933153945e-06,2.3514057316406665e-05,9.42031038656055e-05,4.2816612732420356e-05,0.00033234037288805613,0.0008665548547316972
,Population weighted average:,,0.1847400812482364,0.33022631844641714,0.3565282749077231,0.36102990508408417,0.37310097233573647,0.35440977846409244,0.3833971729452693,0.38671452247037547,0.3970084894443617,0.47703766431325195,0.36075898332743944,,,Total:,,0.009693857187274967,0.01764102288429244,0.01978757803371158,0.024307217254220664,0.020380086647483538,0.021543975250433185,0.01904144103512528,0.0206217071220697,0.010053226312813541,0.023931654888839797,0.1870017666162647,,,Total:,,0.0006304689240375806,0.0022376478785543796,0.003232840521723703,0.003829713390810666,0.004554122356398018,0.0043970836470474004,0.00685507022627532,0.007698704281275338,0.010053226312813541,0.023931654888839797,0.06742053242777574,,,Total:,,0.009693857187274967,0.01764102288429244,0.01978757803371158,0.024307217254220664,0.020380086647483538,0.021543975250433185,0.01904144103512528,0.0206217071220697,0.010053226312813541,0.023931654888839797,0.1870017666162647,,,Total:,,0.0006304689240375806,0.0022376478785543796,0.003232840521723703,0.003829713390810666,0.004554122356398018,0.0043970836470474004,0.00685507022627532,0.007698704281275338,0.010053226312813541,0.023931654888839797,0.06742053242777574
,Source: EUROMOD,,,,,,,,,,,,,,,,,,,,,,,,,,,,,,,,,,,,,,,,,,,,,,,,,,,,,,,,,,,,,,,,,,,,,,,,
,,,,,,,,,,,,,,,,,,,,,,,,,,,,,,,,,,,,,,,,,,,,,,,,,,,,,,,,,,,,,,,,,,,,,,,,,
,,,,,,,,,,,,,,,,,,,,,,,,,,,,,,,,,,,,,,,,,,,,,,,,,,,,,,,,,,,,,,,,,,,,,,,,,
,Effective participation tax rate,,,,,,,,,,,,,,,Calculating the efficiency loss of the working poor policy (Dw) from eq. (18),,,,,,,,,,,,,,,Calculating the efficiency loss of the working poor policy (Dw) from eq. (18),,,,,,,,,,,,,,,Calculating the efficiency loss of the working poor policy (Dw) from eq. (18),,,,,,,,,,,,,,,Calculating the efficiency loss of the working poor policy (Dw) from eq. (18),,,,,,,,,,,,
,,,,,,,,,,,,,Popul.,,,,,Denominator of eq. (18),,,,,,,,,,,,,,,Denominator of eq. (18),,,,,,,,,,,,,,,Denominator of eq. (18),,,,,,,,,,,,,,,Denominator of eq. (18),,,,,,,,,,
,Demographic Group,,Earnings Deciles,,,,,,,,,,weigthed,,,Demographic Group,,Earnings Deciles,,,,,,,,,,,,,Demographic Group,,Earnings Deciles,,,,,,,,,,,,,Demographic Group,,Earnings Deciles,,,,,,,,,,,,,Demographic Group,,Earnings Deciles,,,,,,,,,,
,,,1.0,2.0,3.0,4.0,5.0,6.0,7.0,8.0,9.0,10.0,average,,,,,1.0,2.0,3.0,4.0,5.0,6.0,7.0,8.0,9.0,10.0,Total,,,,,1.0,2.0,3.0,4.0,5.0,6.0,7.0,8.0,9.0,10.0,Total,,,,,1.0,2.0,3.0,4.0,5.0,6.0,7.0,8.0,9.0,10.0,Total,,,,,1.0,2.0,3.0,4.0,5.0,6.0,7.0,8.0,9.0,10.0,Total
,"1. Single earners, no child",,0.4215506984883946,0.4487219329145562,0.49051909919274617,0.5073586767235555,0.5213133336114432,0.5262779680512594,0.5304374494968719,0.5282232114480315,0.5222518261174748,0.4897127076066004,0.4940523647656088,,,"1. Single earners, no child",,0.006722748108321929,0.008602664987241788,0.007305348475795687,0.00599992802632364,0.0064383717227732284,0.0024290739827773395,0.0024284580637743093,0.0016145142494572303,0.0,0.0,0.04154110761646515,,,"1. Single earners, no child",,0.0,0.0,0.0,0.0,0.0,0.0,0.0,0.0,0.0,0.0,0.0,,,"1. Single earners, no child",,0.006722748108321929,0.008602664987241788,0.007305348475795687,0.00599992802632364,0.0064383717227732284,0.0024290739827773395,0.0024284580637743093,0.0016145142494572303,0.0,0.0,0.04154110761646515,,,"1. Single earners, no child",,0.0,0.0,0.0,0.0,0.0,0.0,0.0,0.0,0.0,0.0,0.0
,2. Lone parents,,0.45247918789991975,0.457779029007218,0.48528600861909704,0.4639513121606049,0.5076269713019176,0.5219171041164049,0.4067232225916535,0.5118532571330028,0.504607149444285,0.12782721302908398,0.48220369481709247,,,2. Lone parents,,0.00052821542740499,0.0009867545504244695,0.000520989725176844,1.7622601283746607e-05,0.0001279210732475794,0.0004976000951939922,4.3037094093462014e-05,0.0001294107327557545,0.0,0.0,0.002851551299580838,,,2. Lone parents,,0.0,0.0,0.0,0.0,0.0,0.0,0.0,0.0,0.0,0.0,0.0,,,2. Lone parents,,0.00052821542740499,0.0009867545504244695,0.000520989725176844,1.7622601283746607e-05,0.0001279210732475794,0.0004976000951939922,4.3037094093462014e-05,0.0001294107327557545,0.0,0.0,0.002851551299580838,,,2. Lone parents,,0.0,0.0,0.0,0.0,0.0,0.0,0.0,0.0,0.0,0.0,0.0
,"3. Male, working partner, no child",,0.47985180481532363,0.48582265162764476,0.4839441587645219,0.49179371384726017,0.5048762518000003,0.5268817385562211,0.5404338458729185,0.5247345203001479,0.5275518826320673,0.4925974666940517,0.511463889661733,,,"3. Male, working partner, no child",,0.001116557761244058,0.0013647464992635127,0.001981819221846094,0.0014480301886114128,0.0007629023664040578,0.0021237367071339857,0.0009363634292127109,0.0011219482440881648,0.0,0.0,0.010856104417803998,,,"3. Male, working partner, no child",,0.0,0.0,0.0,0.0,0.0,0.0,0.0,0.0,0.0,0.0,0.0,,,"3. Male, working partner, no child",,0.001116557761244058,0.0013647464992635127,0.001981819221846094,0.0014480301886114128,0.0007629023664040578,0.0021237367071339857,0.0009363634292127109,0.0011219482440881648,0.0,0.0,0.010856104417803998,,,"3. Male, working partner, no child",,0.0,0.0,0.0,0.0,0.0,0.0,0.0,0.0,0.0,0.0,0.0
,"4. Female, working partner, no child",,0.4649580630513453,0.47911356391023946,0.5107801326713781,0.5378173813638293,0.5313096761356663,0.5323830160045853,0.5502289674633701,0.5317117410404445,0.544928264726895,0.4976293363339292,0.5032526857333876,,,"4. Female, working partner, no child",,0.005104449403375441,0.006181846464857226,0.002109869764648623,0.0023329436553635747,0.0011043736334882745,0.0012551520363440075,0.0004441458290464109,0.00034969614488711737,0.0,0.0,0.018882476932010672,,,"4. Female, working partner, no child",,0.0,0.0,0.0,0.0,0.0,0.0,0.0,0.0,0.0,0.0,0.0,,,"4. Female, working partner, no child",,0.005104449403375441,0.006181846464857226,0.002109869764648623,0.0023329436553635747,0.0011043736334882745,0.0012551520363440075,0.0004441458290464109,0.00034969614488711737,0.0,0.0,0.018882476932010672,,,"4. Female, working partner, no child",,0.0,0.0,0.0,0.0,0.0,0.0,0.0,0.0,0.0,0.0,0.0
,"5. Male, working partner, child",,0.49742978480668787,0.4693856775198491,0.4792479266067147,0.5122561298151344,0.5143358974638523,0.5335236449253888,0.5295652228580774,0.5276193332394226,0.5256733897689444,0.5044724097850448,0.5144335781652394,,,"5. Male, working partner, child",,0.003321399299363476,0.0018055008969730926,0.0021905962415755273,0.004237681325949238,0.002239643343004453,0.0031201381462316676,0.0017998768003476965,0.0017317683102172916,0.0,0.0,0.020446604363662444,,,"5. Male, working partner, child",,0.0,0.0,0.0,0.0,0.0,0.0,0.0,0.0,0.0,0.0,0.0,,,"5. Male, working partner, child",,0.003321399299363476,0.0018055008969730926,0.0021905962415755273,0.004237681325949238,0.002239643343004453,0.0031201381462316676,0.0017998768003476965,0.0017317683102172916,0.0,0.0,0.020446604363662444,,,"5. Male, working partner, child",,0.0,0.0,0.0,0.0,0.0,0.0,0.0,0.0,0.0,0.0,0.0
,"6. Female, working partner, child",,0.4746190373526159,0.4831389519184944,0.49098850700123264,0.5217828491235768,0.5335235910735654,0.5508999193165696,0.5559986471937434,0.5396283697677733,0.5466054289525993,0.514401732516501,0.5143124066259831,,,"6. Female, working partner, child",,0.00772857034940484,0.004797983561272163,0.0035028542670156337,0.003719071632190809,0.0017507910015218623,0.0014130474275054574,0.0016161640728599453,0.0012453294655862816,0.0,0.0,0.025773811777356992,,,"6. Female, working partner, child",,0.0,0.0,0.0,0.0,0.0,0.0,0.0,0.0,0.0,0.0,0.0,,,"6. Female, working partner, child",,0.00772857034940484,0.004797983561272163,0.0035028542670156337,0.003719071632190809,0.0017507910015218623,0.0014130474275054574,0.0016161640728599453,0.0012453294655862816,0.0,0.0,0.025773811777356992,,,"6. Female, working partner, child",,0.0,0.0,0.0,0.0,0.0,0.0,0.0,0.0,0.0,0.0,0.0
,"7. Male, non-working partner, no child",,0.40893778375143514,0.45019793005831243,0.48005302574909514,0.495550807277153,0.48971394619854214,0.4955507534253294,0.5077610647392752,0.49165913574349074,0.48763337077247093,0.4658286202836096,0.4814211207477818,,,"7. Male, non-working partner, no child",,0.002172427763021114,0.003174386290299238,0.0031443212859199685,0.0041329094525512115,0.003170104318736284,0.0021000309224069287,0.0015500156515041161,0.0014480620611949774,0.0,0.0,0.020892257745633837,,,"7. Male, non-working partner, no child",,0.0,0.0,0.0,0.0,0.0,0.0,0.0,0.0,0.0,0.0,0.0,,,"7. Male, non-working partner, no child",,0.002172427763021114,0.003174386290299238,0.0031443212859199685,0.0041329094525512115,0.003170104318736284,0.0021000309224069287,0.0015500156515041161,0.0014480620611949774,0.0,0.0,0.020892257745633837,,,"7. Male, non-working partner, no child",,0.0,0.0,0.0,0.0,0.0,0.0,0.0,0.0,0.0,0.0,0.0
,"8. Female, non-working partner, no child",,0.4236978628926444,0.43966472911824744,0.4999787448565981,0.5232590078228037,0.5201728123942866,0.5217158293308097,0.5193676055482591,0.12782721302908398,0.5171530443884774,0.42342741424134017,0.47873734863092393,,,"8. Female, non-working partner, no child",,0.0026922964349767,0.0017901789592199042,0.00165405942047331,0.0012347780280446681,0.00033955617800904097,0.0010526450984169398,0.00038569380244989965,0.0,0.0,0.0,0.009149207921590461,,,"8. Female, non-working partner, no child",,0.0,0.0,0.0,0.0,0.0,0.0,0.0,0.0,0.0,0.0,0.0,,,"8. Female, non-working partner, no child",,0.0026922964349767,0.0017901789592199042,0.00165405942047331,0.0012347780280446681,0.00033955617800904097,0.0010526450984169398,0.00038569380244989965,0.0,0.0,0.0,0.009149207921590461,,,"8. Female, non-working partner, no child",,0.0,0.0,0.0,0.0,0.0,0.0,0.0,0.0,0.0,0.0,0.0
,"9. Male, non-working partner, child",,0.431346089337964,0.44261677725758336,0.4762288586746118,0.47918079911030065,0.4922633370630409,0.49763052107404737,0.5054799684531385,0.49964283811541,0.48964606477659833,0.45972335692298955,0.48360161137813884,,,"9. Male, non-working partner, child",,0.0018982885400542567,0.003643153393239712,0.0052139779535542805,0.006568511535893433,0.004494985522890438,0.005576778521148913,0.0027140068018864875,0.0029365109993828077,0.0,0.0,0.03304621326805033,,,"9. Male, non-working partner, child",,0.0,0.0,0.0,0.0,0.0,0.0,0.0,0.0,0.0,0.0,0.0,,,"9. Male, non-working partner, child",,0.0018982885400542567,0.003643153393239712,0.0052139779535542805,0.006568511535893433,0.004494985522890438,0.005576778521148913,0.0027140068018864875,0.0029365109993828077,0.0,0.0,0.03304621326805033,,,"9. Male, non-working partner, child",,0.0,0.0,0.0,0.0,0.0,0.0,0.0,0.0,0.0,0.0,0.0
,"10. Female, non-working partner, child",,0.4499299047390682,0.4718008672433432,0.4903177705553275,0.4826695441100078,0.49286721527164973,0.5318464268478611,0.5309742540608902,0.40195948597466735,0.5094377981503909,0.46126610460039497,0.47086649525261437,,,"10. Female, non-working partner, child",,0.0014745154279832428,0.0017893799366627938,0.0009713107736816118,0.0006918139084492221,0.00028844557783355506,3.4778278108553274e-05,4.982695811821933e-05,8.363236506607699e-05,0.0,0.0,0.005383703225903276,,,"10. Female, non-working partner, child",,0.0,0.0,0.0,0.0,0.0,0.0,0.0,0.0,0.0,0.0,0.0,,,"10. Female, non-working partner, child",,0.0014745154279832428,0.0017893799366627938,0.0009713107736816118,0.0006918139084492221,0.00028844557783355506,3.4778278108553274e-05,4.982695811821933e-05,8.363236506607699e-05,0.0,0.0,0.005383703225903276,,,"10. Female, non-working partner, child",,0.0,0.0,0.0,0.0,0.0,0.0,0.0,0.0,0.0,0.0,0.0
,Population weighted average:,,0.44902055668848045,0.4610391744787008,0.48709229793605086,0.5025109992036828,0.508875061857174,0.5165935158495562,0.5244029142035922,0.5135372304506137,0.5127671678932842,0.48235918254608834,0.49588315780549314,,,,,,,,,,,,,,,0.188823038568058,,,,,,,,,,,,,,,0.0,,,,,,,,,,,,,,,0.188823038568058,,,,,,,,,,,,,,,0.0
,Source: EUROMOD,,,,,,,,,,,,,,,The result is calculated using the formula Dw = 1 - (1-Dd)/(1-the sum of the above cells). This gives ----------------------------------------------------------------->,,,,,,,,,,,,-0.0022452214971420137,,,The result is calculated using the formula Dw = 1 - (1-Dd)/(1-the sum of the above cells). This gives ----------------------------------------------------------------->,,,,,,,,,,,,0.06742053242777568,,,The result is calculated using the formula Dw = 1 - (1-Dd)/(1-the sum of the above cells). This gives ----------------------------------------------------------------->,,,,,,,,,,,,-0.0022452214971420137,,,The result is calculated using the formula Dw = 1 - (1-Dd)/(1-the sum of the above cells). This gives ----------------------------------------------------------------->,,,,,,,,,,,,0.06742053242777568
,,,,,,,,,,,,,,,,,,,,,,,,,,,,,,,,,,,,,,,,,,,,,,,,,,,,,,,,,,,,,,,,,,,,,,,,,
,,,,,,,,,,,,,,,,,,,,,,,,,,,,,,,,,,,,,,,,,,,,,,,,,,,,,,,,,,,,,,,,,,,,,,,,,
,,,,,,,,,,,,,,,,Calculating the welfare change of each group under the demogrant policy,,,,,,,,,,,,,,,Calculating the welfare change of each group under the demogrant policy,,,,,,,,,,,,,,,Calculating the welfare change of each group under the demogrant policy,,,,,,,,,,,,,,,Calculating the welfare change of each group under the demogrant policy,,,,,,,,,,,,
,,,,,,,,,,,,,,,,,,empl.share*part.rate*(1-Dd) - wage share,,,,,,,,,,,,,,,empl.share*part.rate*(1-Dd) - wage share,,,,,,,,,,,,,,,empl.share*part.rate*(1-Dd) - wage share,,,,,,,,,,,,,,,empl.share*part.rate*(1-Dd) - wage share,,,,,,,,,,
,,,,,,,,,,,,,,,,Demographic Group,,Earnings Deciles,,,,,,,,,,,,,Demographic Group,,Earnings Deciles,,,,,,,,,,,,,Demographic Group,,Earnings Deciles,,,,,,,,,,,,,Demographic Group,,Earnings Deciles,,,,,,,,,,
,,,,,,,,,,,,,,,,,,1.0,2.0,3.0,4.0,5.0,6.0,7.0,8.0,9.0,10.0,Total,,,,,1.0,2.0,3.0,4.0,5.0,6.0,7.0,8.0,9.0,10.0,Total,,,,,1.0,2.0,3.0,4.0,5.0,6.0,7.0,8.0,9.0,10.0,Total,,,,,1.0,2.0,3.0,4.0,5.0,6.0,7.0,8.0,9.0,10.0,Total
,,,,,,,,,,,,,,,,"1. Single earners, no child",,0.004101081702046071,0.000753324766063268,-0.0027086397449371195,-0.0038575196620192036,-0.008481699032501627,-0.004241153108202542,-0.011451121399501087,-0.010425785489363806,-0.011109815940850047,-0.009677763948880988,-0.05709909185814708,,,"1. Single earners, no child",,0.005719736518105776,0.002607788496345598,-0.0009334549200822485,-0.0024945303812917118,-0.0064070221996265254,-0.003473842770852234,-0.00994228625573781,-0.00941371006550286,-0.010385030308939038,-0.009297268398080925,-0.04401962028566198,,,"1. Single earners, no child",,0.004101081702046071,0.000753324766063268,-0.0027086397449371195,-0.0038575196620192036,-0.008481699032501627,-0.004241153108202542,-0.011451121399501087,-0.010425785489363806,-0.011109815940850047,-0.009677763948880988,-0.05709909185814708,,,"1. Single earners, no child",,0.005719736518105776,0.002607788496345598,-0.0009334549200822485,-0.0024945303812917118,-0.0064070221996265254,-0.003473842770852234,-0.00994228625573781,-0.00941371006550286,-0.010385030308939038,-0.009297268398080925,-0.04401962028566198
,,,,,,,,,,,,,,,,2. Lone parents,,0.00023032467514243584,5.6742124224875646e-05,-0.00018079010760797376,-1.1575255783111742e-05,-0.00019119953260092698,-0.0008788051672094965,-0.0003394483284526377,-0.0009033312139461151,-0.0009175453382910047,0.0,-0.003135628144523955,,,2. Lone parents,,0.00034247615844835327,0.00026182125660803536,-5.151109831543735e-05,-6.811686362399688e-06,-0.00014765701129823935,-0.0007188478748613302,-0.0002953874423421644,-0.0008167094289094505,-0.0008582196516390594,0.0,-0.0022908467786716923,,,2. Lone parents,,0.00023032467514243584,5.6742124224875646e-05,-0.00018079010760797376,-1.1575255783111742e-05,-0.00019119953260092698,-0.0008788051672094965,-0.0003394483284526377,-0.0009033312139461151,-0.0009175453382910047,0.0,-0.003135628144523955,,,2. Lone parents,,0.00034247615844835327,0.00026182125660803536,-5.151109831543735e-05,-6.811686362399688e-06,-0.00014765701129823935,-0.0007188478748613302,-0.0002953874423421644,-0.0008167094289094505,-0.0008582196516390594,0.0,-0.0022908467786716923
,,,,,,,,,,,,,,,,"3. Male, working partner, no child",,0.00044113391912602943,9.93042819204407e-05,-0.0007461279620253401,-0.0010054029393248304,-0.0010145344594972656,-0.0038333010926751097,-0.004285132019829367,-0.007391617955209985,-0.009417578488403515,-0.01790810532802112,-0.04506136204394007,,,"3. Male, working partner, no child",,0.000653503874045258,0.0003527465730870352,-0.00025170784194909106,-0.0006553245283555443,-0.0007519798248232482,-0.0031640653143205173,-0.0037262735358486333,-0.006678401480152113,-0.008805965478163995,-0.017357991424683233,-0.04038545898116408,,,"3. Male, working partner, no child",,0.00044113391912602943,9.93042819204407e-05,-0.0007461279620253401,-0.0010054029393248304,-0.0010145344594972656,-0.0038333010926751097,-0.004285132019829367,-0.007391617955209985,-0.009417578488403515,-0.01790810532802112,-0.04506136204394007,,,"3. Male, working partner, no child",,0.000653503874045258,0.0003527465730870352,-0.00025170784194909106,-0.0006553245283555443,-0.0007519798248232482,-0.0031640653143205173,-0.0037262735358486333,-0.006678401480152113,-0.008805965478163995,-0.017357991424683233,-0.04038545898116408
,,,,,,,,,,,,,,,,"4. Female, working partner, no child",,0.003127185657031365,0.000503643989718066,-0.0007197701949067268,-0.001266112401092148,-0.0014995829896350017,-0.0022347195917479874,-0.0019196802156976318,-0.002255553562573508,-0.0034362007763181117,-0.00444722350280141,-0.014148013588023095,,,"4. Female, working partner, no child",,0.004157844325806667,0.0016829179632667484,-0.0002469931400031285,-0.0007970682999423788,-0.0011577010145324405,-0.0018478324182239535,-0.001664864900503942,-0.0020393913526832092,-0.0031911194393435456,-0.004263323633349701,-0.009367531909508883,,,"4. Female, working partner, no child",,0.003127185657031365,0.000503643989718066,-0.0007197701949067268,-0.001266112401092148,-0.0014995829896350017,-0.0022347195917479874,-0.0019196802156976318,-0.002255553562573508,-0.0034362007763181117,-0.00444722350280141,-0.014148013588023095,,,"4. Female, working partner, no child",,0.004157844325806667,0.0016829179632667484,-0.0002469931400031285,-0.0007970682999423788,-0.0011577010145324405,-0.0018478324182239535,-0.001664864900503942,-0.0020393913526832092,-0.0031911194393435456,-0.004263323633349701,-0.009367531909508883
,,,,,,,,,,,,,,,,"5. Male, working partner, child",,0.0019020058879031941,0.00012960825234085678,-0.0007522315837298959,-0.00267945234717984,-0.003072511890439656,-0.005386362185291875,-0.008751876296872668,-0.011561769009676613,-0.02666651364011697,-0.0668886559278089,-0.12372775874087237,,,"5. Male, working partner, child",,0.0024908196702944654,0.00048773665036138617,-0.00019534884473577756,-0.0017354705842970893,-0.002330364877408872,-0.004429010074485284,-0.007629664963868179,-0.010473558012555877,-0.024874234691315868,-0.06469179185761623,-0.11338088758562732,,,"5. Male, working partner, child",,0.0019020058879031941,0.00012960825234085678,-0.0007522315837298959,-0.00267945234717984,-0.003072511890439656,-0.005386362185291875,-0.008751876296872668,-0.011561769009676613,-0.02666651364011697,-0.0668886559278089,-0.12372775874087237,,,"5. Male, working partner, child",,0.0024908196702944654,0.00048773665036138617,-0.00019534884473577756,-0.0017354705842970893,-0.002330364877408872,-0.004429010074485284,-0.007629664963868179,-0.010473558012555877,-0.024874234691315868,-0.06469179185761623,-0.11338088758562732
,,,,,,,,,,,,,,,,"6. Female, working partner, child",,0.004617215521709505,0.0004738135906766595,-0.001071862353866108,-0.0022621418640326324,-0.0021444400641414943,-0.002368830148308302,-0.007138118439742409,-0.007754834744307161,-0.009089883299854065,-0.01024356955304681,-0.03698265135491282,,,"6. Female, working partner, child",,0.006118352278130002,0.0013744560631791828,-0.00022227315033658893,-0.0014646972216582751,-0.0016072446756641937,-0.0019645810353751936,-0.006232285905643471,-0.007009159111406798,-0.008478621630603578,-0.009891867010416186,-0.0293779213997951,,,"6. Female, working partner, child",,0.004617215521709505,0.0004738135906766595,-0.001071862353866108,-0.0022621418640326324,-0.0021444400641414943,-0.002368830148308302,-0.007138118439742409,-0.007754834744307161,-0.009089883299854065,-0.01024356955304681,-0.03698265135491282,,,"6. Female, working partner, child",,0.006118352278130002,0.0013744560631791828,-0.00022227315033658893,-0.0014646972216582751,-0.0016072446756641937,-0.0019645810353751936,-0.006232285905643471,-0.007009159111406798,-0.008478621630603578,-0.009891867010416186,-0.0293779213997951
,,,,,,,,,,,,,,,,"7. Male, non-working partner, no child",,0.001430913969072749,0.00019826917021515712,-0.0011997619058600542,-0.0027811105311613205,-0.004600129602484949,-0.004211446181261977,-0.00799395995979242,-0.010911226402778702,-0.018219873010572034,-0.029969062810140917,-0.07825738726476447,,,"7. Male, non-working partner, no child",,0.001981865279128856,0.0008784972700234079,-0.0004030021074397476,-0.0017968370430256324,-0.0034409073925818524,-0.003461246389733443,-0.006939319184307685,-0.00986040237891023,-0.017024295260092293,-0.02882609118990033,-0.06889173839683894,,,"7. Male, non-working partner, no child",,0.001430913969072749,0.00019826917021515712,-0.0011997619058600542,-0.0027811105311613205,-0.004600129602484949,-0.004211446181261977,-0.00799395995979242,-0.010911226402778702,-0.018219873010572034,-0.029969062810140917,-0.07825738726476447,,,"7. Male, non-working partner, no child",,0.001981865279128856,0.0008784972700234079,-0.0004030021074397476,-0.0017968370430256324,-0.0034409073925818524,-0.003461246389733443,-0.006939319184307685,-0.00986040237891023,-0.017024295260092293,-0.02882609118990033,-0.06889173839683894
,,,,,,,,,,,,,,,,"8. Female, non-working partner, no child",,0.0019759789237249227,9.658315061067445e-05,-0.0005465967552060413,-0.0007337314593860848,-0.0004186871432122766,-0.0018074687589058106,-0.0019604467164033327,0.0,-0.0013298133886851177,-0.0009845595641540862,-0.005708741711617152,,,"8. Female, non-working partner, no child",,0.0026185316189643584,0.0004969099816327744,-0.00015958987628573616,-0.0004705317963169635,-0.00030876865370953134,-0.0014688150167951435,-0.0017099322849677577,0.0,-0.0012403918100364105,-0.0009546541032762926,-0.0031972419407907027,,,"8. Female, non-working partner, no child",,0.0019759789237249227,9.658315061067445e-05,-0.0005465967552060413,-0.0007337314593860848,-0.0004186871432122766,-0.0018074687589058106,-0.0019604467164033327,0.0,-0.0013298133886851177,-0.0009845595641540862,-0.005708741711617152,,,"8. Female, non-working partner, no child",,0.0026185316189643584,0.0004969099816327744,-0.00015958987628573616,-0.0004705317963169635,-0.00030876865370953134,-0.0014688150167951435,-0.0017099322849677577,0.0,-0.0012403918100364105,-0.0009546541032762926,-0.0031972419407907027
,,,,,,,,,,,,,,,,"9. Male, non-working partner, child",,0.0011510974612488668,0.0001771369284784153,-0.0018884814709684786,-0.004600596556868369,-0.0067623305468895185,-0.011336603668907912,-0.014496178902164713,-0.021879065376964817,-0.02458492939900795,-0.07055248680348296,-0.15477243833552745,,,"9. Male, non-working partner, child",,0.001590210474680234,0.0009821360284903314,-0.0005468732815632395,-0.0029303322522898877,-0.0051353167238419335,-0.009360901180363548,-0.01263262148340771,-0.019815092461460442,-0.022968966082052664,-0.06836457806133595,-0.1391823350231448,,,"9. Male, non-working partner, child",,0.0011510974612488668,0.0001771369284784153,-0.0018884814709684786,-0.004600596556868369,-0.0067623305468895185,-0.011336603668907912,-0.014496178902164713,-0.021879065376964817,-0.02458492939900795,-0.07055248680348296,-0.15477243833552745,,,"9. Male, non-working partner, child",,0.001590210474680234,0.0009821360284903314,-0.0005468732815632395,-0.0029303322522898877,-0.0051353167238419335,-0.009360901180363548,-0.01263262148340771,-0.019815092461460442,-0.022968966082052664,-0.06836457806133595,-0.1391823350231448
,,,,,,,,,,,,,,,,"10. Female, non-working partner, child",,0.0009150625098632819,6.710879579463307e-05,-0.0003871322066317513,-0.00048186517265996266,-0.0004130069210867743,-6.615748268016625e-05,-0.00020204737416856843,-0.0009103052808588887,-0.00043603584992268305,-0.002016671645052341,-0.00393105062740322,,,"10. Female, non-working partner, child",,0.0012313735958396092,0.0004186153516469015,-0.0001509154416493594,-0.0003083896946576275,-0.000308852537133418,-5.541432165660266e-05,-0.00017115583821668084,-0.0008229730386443788,-0.000402887109475487,-0.0019737134756294817,-0.002544312509576525,,,"10. Female, non-working partner, child",,0.0009150625098632819,6.710879579463307e-05,-0.0003871322066317513,-0.00048186517265996266,-0.0004130069210867743,-6.615748268016625e-05,-0.00020204737416856843,-0.0009103052808588887,-0.00043603584992268305,-0.002016671645052341,-0.00393105062740322,,,"10. Female, non-working partner, child",,0.0012313735958396092,0.0004186153516469015,-0.0001509154416493594,-0.0003083896946576275,-0.000308852537133418,-5.541432165660266e-05,-0.00017115583821668084,-0.0008229730386443788,-0.000402887109475487,-0.0019737134756294817,-0.002544312509576525
,,,,,,,,,,,,,,,,Welfare effect of the employed ----------->,,0.019892000226868416,0.002555535050043047,-0.01020139428573949,-0.019679508189507502,-0.02859812218248949,-0.036364847385191176,-0.05853800965262483,-0.0739934890356796,-0.10520818913202151,-0.2126880990833895,-0.5228241236697316,,,Welfare effect of the employed ----------->,,0.026904713793443575,0.009543625634641402,-0.0031616697023603545,-0.01265999348819751,-0.02159581491062025,-0.029944556396667252,-0.050943791794844026,-0.06692939733022536,-0.09822973146166193,-0.20562127915428832,-0.45263789481078004,,,Welfare effect of the employed ----------->,,0.019892000226868416,0.002555535050043047,-0.01020139428573949,-0.019679508189507502,-0.02859812218248949,-0.036364847385191176,-0.05853800965262483,-0.0739934890356796,-0.10520818913202151,-0.2126880990833895,-0.5228241236697316,,,Welfare effect of the employed ----------->,,0.026904713793443575,0.009543625634641402,-0.0031616697023603545,-0.01265999348819751,-0.02159581491062025,-0.029944556396667252,-0.050943791794844026,-0.06692939733022536,-0.09822973146166193,-0.20562127915428832,-0.45263789481078004
,,,,,,,,,,,,,,,,"Gain of those outside the labor market, (1-part.rate)*(1-Dd), equals ---->",,,,,0.3358223582773468,,Aggregate welfare effect of employed and unempl.->,,,,,-0.18700176539238483,,,"Gain of those outside the labor market, (1-part.rate)*(1-Dd), equals ---->",,,,,0.3852173636068842,,Aggregate welfare effect of employed and unempl.->,,,,,-0.06742053120389585,,,"Gain of those outside the labor market, (1-part.rate)*(1-Dd), equals ---->",,,,,0.3358223582773468,,Aggregate welfare effect of employed and unempl.->,,,,,-0.18700176539238483,,,"Gain of those outside the labor market, (1-part.rate)*(1-Dd), equals ---->",,,,,0.3852173636068842,,Aggregate welfare effect of employed and unempl.->,,,,,-0.06742053120389585
,,,,,,,,,,,,,,,,,,,,,,,,,,,,,,,,,,,,,,,,,,,,,,,,,,,,,,,,,,,,,,,,,,,,,,,,,
,,,,,,,,,,,,,,,,,,,,,,,,,,,,,,,,,,,,,,,,,,,,,,,,,,,,,,,,,,,,,,,,,,,,,,,,,
,,,,,,,,,,,,,,,,Calculating the wage share of those gaining under the demogrant policy,,,,,,,,,,,,,,,Calculating the wage share of those gaining under the demogrant policy,,,,,,,,,,,,,,,Calculating the wage share of those gaining under the demogrant policy,,,,,,,,,,,,,,,Calculating the wage share of those gaining under the demogrant policy,,,,,,,,,,,,
,,,,,,,,,,,,,,,,,,,,,,,,,,,,,,,,,,,,,,,,,,,,,,,,,,,,,,,,,,,,,,,,,,,,,,,,,
,,,,,,,,,,,,,,,,Demographic Group,,Earnings Deciles,,,,,,,,,,,,,Demographic Group,,Earnings Deciles,,,,,,,,,,,,,Demographic Group,,Earnings Deciles,,,,,,,,,,,,,Demographic Group,,Earnings Deciles,,,,,,,,,,
,,,,,,,,,,,,,,,,,,1.0,2.0,3.0,4.0,5.0,6.0,7.0,8.0,9.0,10.0,Total,,,,,1.0,2.0,3.0,4.0,5.0,6.0,7.0,8.0,9.0,10.0,Total,,,,,1.0,2.0,3.0,4.0,5.0,6.0,7.0,8.0,9.0,10.0,Total,,,,,1.0,2.0,3.0,4.0,5.0,6.0,7.0,8.0,9.0,10.0,Total
,,,,,,,,,,,,,,,,"1. Single earners, no child",,0.006903684345445446,0.011854637903207097,0.0,0.0,0.0,0.0,0.0,0.0,0.0,0.0,0.018758322248652544,,,"1. Single earners, no child",,0.006903684345445446,0.011854637903207097,0.0,0.0,0.0,0.0,0.0,0.0,0.0,0.0,0.018758322248652544,,,"1. Single earners, no child",,0.006903684345445446,0.011854637903207097,0.0,0.0,0.0,0.0,0.0,0.0,0.0,0.0,0.018758322248652544,,,"1. Single earners, no child",,0.006903684345445446,0.011854637903207097,0.0,0.0,0.0,0.0,0.0,0.0,0.0,0.0,0.018758322248652544
,,,,,,,,,,,,,,,,2. Lone parents,,0.0005321608303621844,0.0013375315965879794,0.0,0.0,0.0,0.0,0.0,0.0,0.0,0.0,0.0018696924269501639,,,2. Lone parents,,0.0005321608303621844,0.0013375315965879794,0.0,0.0,0.0,0.0,0.0,0.0,0.0,0.0,0.0018696924269501639,,,2. Lone parents,,0.0005321608303621844,0.0013375315965879794,0.0,0.0,0.0,0.0,0.0,0.0,0.0,0.0,0.0018696924269501639,,,2. Lone parents,,0.0005321608303621844,0.0013375315965879794,0.0,0.0,0.0,0.0,0.0,0.0,0.0,0.0,0.0018696924269501639
,,,,,,,,,,,,,,,,"3. Male, working partner, no child",,0.0010027079959103052,0.0016237765708694383,0.0,0.0,0.0,0.0,0.0,0.0,0.0,0.0,0.0026264845667797435,,,"3. Male, working partner, no child",,0.0010027079959103052,0.0016237765708694383,0.0,0.0,0.0,0.0,0.0,0.0,0.0,0.0,0.0026264845667797435,,,"3. Male, working partner, no child",,0.0010027079959103052,0.0016237765708694383,0.0,0.0,0.0,0.0,0.0,0.0,0.0,0.0,0.0026264845667797435,,,"3. Male, working partner, no child",,0.0010027079959103052,0.0016237765708694383,0.0,0.0,0.0,0.0,0.0,0.0,0.0,0.0,0.0026264845667797435
,,,,,,,,,,,,,,,,"4. Female, working partner, no child",,0.003879964608830441,0.007513898760001992,0.0,0.0,0.0,0.0,0.0,0.0,0.0,0.0,0.011393863368832432,,,"4. Female, working partner, no child",,0.003879964608830441,0.007513898760001992,0.0,0.0,0.0,0.0,0.0,0.0,0.0,0.0,0.011393863368832432,,,"4. Female, working partner, no child",,0.003879964608830441,0.007513898760001992,0.0,0.0,0.0,0.0,0.0,0.0,0.0,0.0,0.011393863368832432,,,"4. Female, working partner, no child",,0.003879964608830441,0.007513898760001992,0.0,0.0,0.0,0.0,0.0,0.0,0.0,0.0,0.011393863368832432
,,,,,,,,,,,,,,,,"5. Male, working partner, child",,0.002101168758392433,0.002305203170129516,0.0,0.0,0.0,0.0,0.0,0.0,0.0,0.0,0.0044063719285219495,,,"5. Male, working partner, child",,0.002101168758392433,0.002305203170129516,0.0,0.0,0.0,0.0,0.0,0.0,0.0,0.0,0.0044063719285219495,,,"5. Male, working partner, child",,0.002101168758392433,0.002305203170129516,0.0,0.0,0.0,0.0,0.0,0.0,0.0,0.0,0.0044063719285219495,,,"5. Male, working partner, child",,0.002101168758392433,0.002305203170129516,0.0,0.0,0.0,0.0,0.0,0.0,0.0,0.0,0.0044063719285219495
,,,,,,,,,,,,,,,,"6. Female, working partner, child",,0.005588579219575538,0.0056493941519425005,0.0,0.0,0.0,0.0,0.0,0.0,0.0,0.0,0.011237973371518039,,,"6. Female, working partner, child",,0.005588579219575538,0.0056493941519425005,0.0,0.0,0.0,0.0,0.0,0.0,0.0,0.0,0.011237973371518039,,,"6. Female, working partner, child",,0.005588579219575538,0.0056493941519425005,0.0,0.0,0.0,0.0,0.0,0.0,0.0,0.0,0.011237973371518039,,,"6. Female, working partner, child",,0.005588579219575538,0.0056493941519425005,0.0,0.0,0.0,0.0,0.0,0.0,0.0,0.0,0.011237973371518039
,,,,,,,,,,,,,,,,"7. Male, non-working partner, no child",,0.002314844676050746,0.00442640498702245,0.0,0.0,0.0,0.0,0.0,0.0,0.0,0.0,0.0067412496630731965,,,"7. Male, non-working partner, no child",,0.002314844676050746,0.00442640498702245,0.0,0.0,0.0,0.0,0.0,0.0,0.0,0.0,0.0067412496630731965,,,"7. Male, non-working partner, no child",,0.002314844676050746,0.00442640498702245,0.0,0.0,0.0,0.0,0.0,0.0,0.0,0.0,0.0067412496630731965,,,"7. Male, non-working partner, no child",,0.002314844676050746,0.00442640498702245,0.0,0.0,0.0,0.0,0.0,0.0,0.0,0.0,0.0067412496630731965
,,,,,,,,,,,,,,,,"8. Female, non-working partner, no child",,0.002392551051991827,0.002625123215825259,0.0,0.0,0.0,0.0,0.0,0.0,0.0,0.0,0.005017674267817086,,,"8. Female, non-working partner, no child",,0.002392551051991827,0.002625123215825259,0.0,0.0,0.0,0.0,0.0,0.0,0.0,0.0,0.005017674267817086,,,"8. Female, non-working partner, no child",,0.002392551051991827,0.002625123215825259,0.0,0.0,0.0,0.0,0.0,0.0,0.0,0.0,0.005017674267817086,,,"8. Female, non-working partner, no child",,0.002392551051991827,0.002625123215825259,0.0,0.0,0.0,0.0,0.0,0.0,0.0,0.0,0.005017674267817086
,,,,,,,,,,,,,,,,"9. Male, non-working partner, child",,0.0018343049440549184,0.005295819180618042,0.0,0.0,0.0,0.0,0.0,0.0,0.0,0.0,0.00713012412467296,,,"9. Male, non-working partner, child",,0.0018343049440549184,0.005295819180618042,0.0,0.0,0.0,0.0,0.0,0.0,0.0,0.0,0.00713012412467296,,,"9. Male, non-working partner, child",,0.0018343049440549184,0.005295819180618042,0.0,0.0,0.0,0.0,0.0,0.0,0.0,0.0,0.00713012412467296,,,"9. Male, non-working partner, child",,0.0018343049440549184,0.005295819180618042,0.0,0.0,0.0,0.0,0.0,0.0,0.0,0.0,0.00713012412467296
,,,,,,,,,,,,,,,,"10. Female, non-working partner, child",,0.0012354450998265287,0.002322682636531997,0.0,0.0,0.0,0.0,0.0,0.0,0.0,0.0,0.0035581277363585257,,,"10. Female, non-working partner, child",,0.0012354450998265287,0.002322682636531997,0.0,0.0,0.0,0.0,0.0,0.0,0.0,0.0,0.0035581277363585257,,,"10. Female, non-working partner, child",,0.0012354450998265287,0.002322682636531997,0.0,0.0,0.0,0.0,0.0,0.0,0.0,0.0,0.0035581277363585257,,,"10. Female, non-working partner, child",,0.0012354450998265287,0.002322682636531997,0.0,0.0,0.0,0.0,0.0,0.0,0.0,0.0,0.0035581277363585257
,,,,,,,,,,,,,,,,Total:,,0.027785411530440368,0.04495447217273628,0.0,0.0,0.0,0.0,0.0,0.0,0.0,0.0,0.07273988370317663,,,Total:,,0.027785411530440368,0.04495447217273628,0.0,0.0,0.0,0.0,0.0,0.0,0.0,0.0,0.07273988370317663,,,Total:,,0.027785411530440368,0.04495447217273628,0.0,0.0,0.0,0.0,0.0,0.0,0.0,0.0,0.07273988370317663,,,Total:,,0.027785411530440368,0.04495447217273628,0.0,0.0,0.0,0.0,0.0,0.0,0.0,0.0,0.07273988370317663
,,,,,,,,,,,,,,,,,,,,,,,,,,,,,,,,,,,,,,,,,,,,,,,,,,,,,,,,,,,,,,,,,,,,,,,,,
,,,,,,,,,,,,,,,,,,,,,,,,,,,,,,,,,,,,,,,,,,,,,,,,,,,,,,,,,,,,,,,,,,,,,,,,,
,,,,,,,,,,,,,,,,,,,,,,,,,,,,,,,,,,,,,,,,,,,,,,,,,,,,,,,,,,,,,,,,,,,,,,,,,
,,,,,,,,,,,,,,,,Calculating the population share of those gaining under the demogrant policy,,,,,,,,,,,,,,,Calculating the population share of those gaining under the demogrant policy,,,,,,,,,,,,,,,Calculating the population share of those gaining under the demogrant policy,,,,,,,,,,,,,,,Calculating the population share of those gaining under the demogrant policy,,,,,,,,,,,,
,,,,,,,,,,,,,,,,,,Number of employed gaining in proportion to the total population,,,,,,,,,,,,,,,Number of employed gaining in proportion to the total population,,,,,,,,,,,,,,,Number of employed gaining in proportion to the total population,,,,,,,,,,,,,,,Number of employed gaining in proportion to the total population,,,,,,,,,,
,,,,,,,,,,,,,,,,Demographic Group,,Earnings Deciles,,,,,,,,,,,,,Demographic Group,,Earnings Deciles,,,,,,,,,,,,,Demographic Group,,Earnings Deciles,,,,,,,,,,,,,Demographic Group,,Earnings Deciles,,,,,,,,,,
,,,,,,,,,,,,,,,,,,1.0,2.0,3.0,4.0,5.0,6.0,7.0,8.0,9.0,10.0,Total,,,,,1.0,2.0,3.0,4.0,5.0,6.0,7.0,8.0,9.0,10.0,Total,,,,,1.0,2.0,3.0,4.0,5.0,6.0,7.0,8.0,9.0,10.0,Total,,,,,1.0,2.0,3.0,4.0,5.0,6.0,7.0,8.0,9.0,10.0,Total
,,,,,,,,,,,,,,,,"1. Single earners, no child",,0.013536027011632219,0.015507982860916507,0.0,0.0,0.0,0.0,0.0,0.0,0.0,0.0,0.029044009872548723,,,"1. Single earners, no child",,0.013536027011632219,0.015507982860916507,0.0,0.0,0.0,0.0,0.0,0.0,0.0,0.0,0.029044009872548723,,,"1. Single earners, no child",,0.013536027011632219,0.015507982860916507,0.0,0.0,0.0,0.0,0.0,0.0,0.0,0.0,0.029044009872548723,,,"1. Single earners, no child",,0.013536027011632219,0.015507982860916507,0.0,0.0,0.0,0.0,0.0,0.0,0.0,0.0,0.029044009872548723
,,,,,,,,,,,,,,,,2. Lone parents,,0.0009378685883868667,0.0017149775529152443,0.0,0.0,0.0,0.0,0.0,0.0,0.0,0.0,0.002652846141302111,,,2. Lone parents,,0.0009378685883868667,0.0017149775529152443,0.0,0.0,0.0,0.0,0.0,0.0,0.0,0.0,0.002652846141302111,,,2. Lone parents,,0.0009378685883868667,0.0017149775529152443,0.0,0.0,0.0,0.0,0.0,0.0,0.0,0.0,0.002652846141302111,,,2. Lone parents,,0.0009378685883868667,0.0017149775529152443,0.0,0.0,0.0,0.0,0.0,0.0,0.0,0.0,0.002652846141302111
,,,,,,,,,,,,,,,,"3. Male, working partner, no child",,0.0017759471739895417,0.0021194152484419783,0.0,0.0,0.0,0.0,0.0,0.0,0.0,0.0,0.0038953624224315198,,,"3. Male, working partner, no child",,0.0017759471739895417,0.0021194152484419783,0.0,0.0,0.0,0.0,0.0,0.0,0.0,0.0,0.0038953624224315198,,,"3. Male, working partner, no child",,0.0017759471739895417,0.0021194152484419783,0.0,0.0,0.0,0.0,0.0,0.0,0.0,0.0,0.0038953624224315198,,,"3. Male, working partner, no child",,0.0017759471739895417,0.0021194152484419783,0.0,0.0,0.0,0.0,0.0,0.0,0.0,0.0,0.0038953624224315198
,,,,,,,,,,,,,,,,"4. Female, working partner, no child",,0.008618899744342285,0.009861697627989526,0.0,0.0,0.0,0.0,0.0,0.0,0.0,0.0,0.018480597372331813,,,"4. Female, working partner, no child",,0.008618899744342285,0.009861697627989526,0.0,0.0,0.0,0.0,0.0,0.0,0.0,0.0,0.018480597372331813,,,"4. Female, working partner, no child",,0.008618899744342285,0.009861697627989526,0.0,0.0,0.0,0.0,0.0,0.0,0.0,0.0,0.018480597372331813,,,"4. Female, working partner, no child",,0.008618899744342285,0.009861697627989526,0.0,0.0,0.0,0.0,0.0,0.0,0.0,0.0,0.018480597372331813
,,,,,,,,,,,,,,,,"5. Male, working partner, child",,0.004923964754061314,0.0029948545058167933,0.0,0.0,0.0,0.0,0.0,0.0,0.0,0.0,0.007918819259878107,,,"5. Male, working partner, child",,0.004923964754061314,0.0029948545058167933,0.0,0.0,0.0,0.0,0.0,0.0,0.0,0.0,0.007918819259878107,,,"5. Male, working partner, child",,0.004923964754061314,0.0029948545058167933,0.0,0.0,0.0,0.0,0.0,0.0,0.0,0.0,0.007918819259878107,,,"5. Male, working partner, child",,0.004923964754061314,0.0029948545058167933,0.0,0.0,0.0,0.0,0.0,0.0,0.0,0.0,0.007918819259878107
,,,,,,,,,,,,,,,,"6. Female, working partner, child",,0.012553280342083972,0.007531637205574351,0.0,0.0,0.0,0.0,0.0,0.0,0.0,0.0,0.020084917547658322,,,"6. Female, working partner, child",,0.012553280342083972,0.007531637205574351,0.0,0.0,0.0,0.0,0.0,0.0,0.0,0.0,0.020084917547658322,,,"6. Female, working partner, child",,0.012553280342083972,0.007531637205574351,0.0,0.0,0.0,0.0,0.0,0.0,0.0,0.0,0.020084917547658322,,,"6. Female, working partner, child",,0.012553280342083972,0.007531637205574351,0.0,0.0,0.0,0.0,0.0,0.0,0.0,0.0,0.020084917547658322
,,,,,,,,,,,,,,,,"7. Male, non-working partner, no child",,0.004607339218356574,0.005688418458167498,0.0,0.0,0.0,0.0,0.0,0.0,0.0,0.0,0.010295757676524072,,,"7. Male, non-working partner, no child",,0.004607339218356574,0.005688418458167498,0.0,0.0,0.0,0.0,0.0,0.0,0.0,0.0,0.010295757676524072,,,"7. Male, non-working partner, no child",,0.004607339218356574,0.005688418458167498,0.0,0.0,0.0,0.0,0.0,0.0,0.0,0.0,0.010295757676524072,,,"7. Male, non-working partner, no child",,0.004607339218356574,0.005688418458167498,0.0,0.0,0.0,0.0,0.0,0.0,0.0,0.0,0.010295757676524072
,,,,,,,,,,,,,,,,"8. Female, non-working partner, no child",,0.0053733572796766495,0.003347739582542595,0.0,0.0,0.0,0.0,0.0,0.0,0.0,0.0,0.008721096862219245,,,"8. Female, non-working partner, no child",,0.0053733572796766495,0.003347739582542595,0.0,0.0,0.0,0.0,0.0,0.0,0.0,0.0,0.008721096862219245,,,"8. Female, non-working partner, no child",,0.0053733572796766495,0.003347739582542595,0.0,0.0,0.0,0.0,0.0,0.0,0.0,0.0,0.008721096862219245,,,"8. Female, non-working partner, no child",,0.0053733572796766495,0.003347739582542595,0.0,0.0,0.0,0.0,0.0,0.0,0.0,0.0,0.008721096862219245
,,,,,,,,,,,,,,,,"9. Male, non-working partner, child",,0.003672089658643421,0.0067318179601913355,0.0,0.0,0.0,0.0,0.0,0.0,0.0,0.0,0.010403907618834756,,,"9. Male, non-working partner, child",,0.003672089658643421,0.0067318179601913355,0.0,0.0,0.0,0.0,0.0,0.0,0.0,0.0,0.010403907618834756,,,"9. Male, non-working partner, child",,0.003672089658643421,0.0067318179601913355,0.0,0.0,0.0,0.0,0.0,0.0,0.0,0.0,0.010403907618834756,,,"9. Male, non-working partner, child",,0.003672089658643421,0.0067318179601913355,0.0,0.0,0.0,0.0,0.0,0.0,0.0,0.0,0.010403907618834756
,,,,,,,,,,,,,,,,"10. Female, non-working partner, child",,0.0026451565592452778,0.0029394792438603595,0.0,0.0,0.0,0.0,0.0,0.0,0.0,0.0,0.005584635803105637,,,"10. Female, non-working partner, child",,0.0026451565592452778,0.0029394792438603595,0.0,0.0,0.0,0.0,0.0,0.0,0.0,0.0,0.005584635803105637,,,"10. Female, non-working partner, child",,0.0026451565592452778,0.0029394792438603595,0.0,0.0,0.0,0.0,0.0,0.0,0.0,0.0,0.005584635803105637,,,"10. Female, non-working partner, child",,0.0026451565592452778,0.0029394792438603595,0.0,0.0,0.0,0.0,0.0,0.0,0.0,0.0,0.005584635803105637
,,,,,,,,,,,,,,,,Total ------------------------------------------------>,,0.05864393033041813,0.058438020246416186,0.0,0.0,0.0,0.0,0.0,0.0,0.0,0.0,0.11708195057683432,,,Total ------------------------------------------------>,,0.05864393033041813,0.058438020246416186,0.0,0.0,0.0,0.0,0.0,0.0,0.0,0.0,0.11708195057683432,,,Total ------------------------------------------------>,,0.05864393033041813,0.058438020246416186,0.0,0.0,0.0,0.0,0.0,0.0,0.0,0.0,0.11708195057683432,,,Total ------------------------------------------------>,,0.05864393033041813,0.058438020246416186,0.0,0.0,0.0,0.0,0.0,0.0,0.0,0.0,0.11708195057683432
,,,,,,,,,,,,,,,,Gainers outside the labor market ----------------------------------------------------->,,,,,0.4130665289143852,,Fracation of population gaining --------------------------->,,,,,0.5301484794912196,,,Gainers outside the labor market ----------------------------------------------------->,,,,,0.4130665289143852,,Fracation of population gaining --------------------------->,,,,,0.5301484794912196,,,Gainers outside the labor market ----------------------------------------------------->,,,,,0.4130665289143852,,Fracation of population gaining --------------------------->,,,,,0.5301484794912196,,,Gainers outside the labor market ----------------------------------------------------->,,,,,0.4130665289143852,,Fracation of population gaining --------------------------->,,,,,0.5301484794912196
,,,,,,,,,,,,,,,,,,,,,,,,,,,,,,,,,,,,,,,,,,,,,,,,,,,,,,,,,,,,,,,,,,,,,,,,,
,,,,,,,,,,,,,,,,,,,,,,,,,,,,,,,,,,,,,,,,,,,,,,,,,,,,,,,,,,,,,,,,,,,,,,,,,
,,,,,,,,,,,,,,,,,,,,,,,,,,,,,,,,,,,,,,,,,,,,,,,,,,,,,,,,,,,,,,,,,,,,,,,,,
,,,,,,,,,,,,,,,,Calculating the welfare change of each group under the working poor policy,,,,,,,,,,,,,,,Calculating the welfare change of each group under the working poor policy,,,,,,,,,,,,,,,Calculating the welfare change of each group under the working poor policy,,,,,,,,,,,,,,,Calculating the welfare change of each group under the working poor policy,,,,,,,,,,,,
,,,,,,,,,,,,,,,,,,empl.share*part.rate*(1-Dd) - wage share,,,,,,,,,,,,,,,empl.share*part.rate*(1-Dd) - wage share,,,,,,,,,,,,,,,empl.share*part.rate*(1-Dd) - wage share,,,,,,,,,,,,,,,empl.share*part.rate*(1-Dd) - wage share,,,,,,,,,,
,,,,,,,,,,,,,,,,Demographic Group,,Earnings Deciles,,,,,,,,,,,,,Demographic Group,,Earnings Deciles,,,,,,,,,,,,,Demographic Group,,Earnings Deciles,,,,,,,,,,,,,Demographic Group,,Earnings Deciles,,,,,,,,,,
,,,,,,,,,,,,,,,,,,1.0,2.0,3.0,4.0,5.0,6.0,7.0,8.0,9.0,10.0,Total,,,,,1.0,2.0,3.0,4.0,5.0,6.0,7.0,8.0,9.0,10.0,Total,,,,,1.0,2.0,3.0,4.0,5.0,6.0,7.0,8.0,9.0,10.0,Total,,,,,1.0,2.0,3.0,4.0,5.0,6.0,7.0,8.0,9.0,10.0,Total
,,,,,,,,,,,,,,,,"1. Single earners, no child",,0.0162103806360109,0.014626730911327507,0.010571673941420045,0.006339122933031842,0.007039140686625582,0.0014991629603677888,-0.00016339308545676792,-0.0028543602974967688,-0.0056876309309428445,-0.006831243293601507,0.04074958446128578,,,"1. Single earners, no child",,0.01460372916123778,0.012786019193418242,0.00880965322610112,0.004986241073197433,0.004979848884479263,0.0007375427107128678,-0.0016610392697235,-0.003858930546937674,-0.0064070418225366955,-0.007208917231103313,0.02776710537884554,,,"1. Single earners, no child",,0.0162103806360109,0.014626730911327507,0.010571673941420045,0.006339122933031842,0.007039140686625582,0.0014991629603677888,-0.00016339308545676792,-0.0028543602974967688,-0.0056876309309428445,-0.006831243293601507,0.04074958446128578,,,"1. Single earners, no child",,0.01460372916123778,0.012786019193418242,0.00880965322610112,0.004986241073197433,0.004979848884479263,0.0007375427107128678,-0.0016610392697235,-0.003858930546937674,-0.0064070418225366955,-0.007208917231103313,0.02776710537884554
,,,,,,,,,,,,,,,,2. Lone parents,,0.0010693397781554972,0.001590957136905026,0.0007863575225587761,2.4061425698190754e-05,0.00013454589598668835,0.00031784939464867944,-9.824967181632708e-06,-0.00025530602735566966,-0.0004737246626265554,0.0,0.003184255496789,,,2. Lone parents,,0.0009580199684816359,0.001387398794990797,0.0006580371982522748,1.9333181134225077e-05,9.132626980560963e-05,0.00015907828600829517,-5.355911417013505e-05,-0.00034128545749471657,-0.0005326104120807245,0.0,0.002345738714927262,,,2. Lone parents,,0.0010693397781554972,0.001590957136905026,0.0007863575225587761,2.4061425698190754e-05,0.00013454589598668835,0.00031784939464867944,-9.824967181632708e-06,-0.00025530602735566966,-0.0004737246626265554,0.0,0.003184255496789,,,2. Lone parents,,0.0009580199684816359,0.001387398794990797,0.0006580371982522748,1.9333181134225077e-05,9.132626980560963e-05,0.00015907828600829517,-5.355911417013505e-05,-0.00034128545749471657,-0.0005326104120807245,0.0,0.002345738714927262
,,,,,,,,,,,,,,,,"3. Male, working partner, no child",,0.002029892215950395,0.0019953283358420445,0.002952672408237945,0.0016135644196788512,0.0009496598370391071,0.0011733105807933044,-0.00010426258604918567,-0.0020559828244732046,-0.004842047807364688,-0.013792654870545078,-0.010080520290890509,,,"3. Male, working partner, no child",,0.001819097117524732,0.001743765478318215,0.002461918723637221,0.0012660820598269732,0.0006890522097536315,0.000509037605730114,-0.0006589767836462082,-0.002763910351772484,-0.005449125323300925,-0.014338689334052593,-0.014721748597981322,,,"3. Male, working partner, no child",,0.002029892215950395,0.0019953283358420445,0.002952672408237945,0.0016135644196788512,0.0009496598370391071,0.0011733105807933044,-0.00010426258604918567,-0.0020559828244732046,-0.004842047807364688,-0.013792654870545078,-0.010080520290890509,,,"3. Male, working partner, no child",,0.001819097117524732,0.001743765478318215,0.002461918723637221,0.0012660820598269732,0.0006890522097536315,0.000509037605730114,-0.0006589767836462082,-0.002763910351772484,-0.005449125323300925,-0.014338689334052593,-0.014721748597981322
,,,,,,,,,,,,,,,,"4. Female, working partner, no child",,0.010837633737285947,0.00932589622599646,0.002817116502705279,0.00224284774141787,0.0010580661123082563,0.0006596173548554848,-1.3384448361500236e-05,-0.0006384250730293076,-0.0016027257555071756,-0.0030714524174449954,0.021615189980226317,,,"4. Female, working partner, no child",,0.009814618049354086,0.008155367309043196,0.0023478453863663264,0.0017772818966379587,0.0007187194066072822,0.00027559919252342045,-0.00026631014807758976,-0.0008529843044755101,-0.0018459896605614269,-0.0032539885539539628,0.01687015857346378,,,"4. Female, working partner, no child",,0.010837633737285947,0.00932589622599646,0.002817116502705279,0.00224284774141787,0.0010580661123082563,0.0006596173548554848,-1.3384448361500236e-05,-0.0006384250730293076,-0.0016027257555071756,-0.0030714524174449954,0.021615189980226317,,,"4. Female, working partner, no child",,0.009814618049354086,0.008155367309043196,0.0023478453863663264,0.0017772818966379587,0.0007187194066072822,0.00027559919252342045,-0.00026631014807758976,-0.0008529843044755101,-0.0018459896605614269,-0.0032539885539539628,0.01687015857346378
,,,,,,,,,,,,,,,,"5. Male, working partner, child",,0.006306973541705563,0.0028087982719457337,0.003413857128167625,0.004382558182517125,0.002479555137424653,0.001775673092272596,-0.00035651468943945566,-0.003420766903099703,-0.013258317310205794,-0.05045372274791802,-0.046321906296629675,,,"5. Male, working partner, child",,0.005722526183034879,0.0024533256207485594,0.0028611040241682166,0.0034455766368244583,0.0017429116102475814,0.0008254203481768262,-0.0014704041211391818,-0.004500908132743977,-0.015037305385814059,-0.05263429569233568,-0.056592048908832376,,,"5. Male, working partner, child",,0.006306973541705563,0.0028087982719457337,0.003413857128167625,0.004382558182517125,0.002479555137424653,0.001775673092272596,-0.00035651468943945566,-0.003420766903099703,-0.013258317310205794,-0.05045372274791802,-0.046321906296629675,,,"5. Male, working partner, child",,0.005722526183034879,0.0024533256207485594,0.0028611040241682166,0.0034455766368244583,0.0017429116102475814,0.0008254203481768262,-0.0014704041211391818,-0.004500908132743977,-0.015037305385814059,-0.05263429569233568,-0.056592048908832376
,,,,,,,,,,,,,,,,"6. Female, working partner, child",,0.01584735152347189,0.007211599080177822,0.0052839891436458584,0.0037036115887675095,0.0018743658483224594,0.0006553929928636041,-0.00036150564331136753,-0.0021763698010867655,-0.0045169810316316936,-0.007612451922348304,0.01990900177887101,,,"6. Female, working partner, child",,0.014357346638174485,0.0063176354368286065,0.004440700177240513,0.0029120804988717972,0.0013411541007805183,0.0002541416407990842,-0.0012606208606931128,-0.0029165157812026127,-0.005123709811992824,-0.007961546369905988,0.01236066566890047,,,"6. Female, working partner, child",,0.01584735152347189,0.007211599080177822,0.0052839891436458584,0.0037036115887675095,0.0018743658483224594,0.0006553929928636041,-0.00036150564331136753,-0.0021763698010867655,-0.0045169810316316936,-0.007612451922348304,0.01990900177887101,,,"6. Female, working partner, child",,0.014357346638174485,0.0063176354368286065,0.004440700177240513,0.0029120804988717972,0.0013411541007805183,0.0002541416407990842,-0.0012606208606931128,-0.0029165157812026127,-0.005123709811992824,-0.007961546369905988,0.01236066566890047
,,,,,,,,,,,,,,,,"7. Male, non-working partner, no child",,0.0055526291398030475,0.005287115366535464,0.004760868169132523,0.0045823259361797795,0.004072113627717214,0.0014008643902601661,-0.00010409963158388921,-0.0030499195288455783,-0.00927565078621954,-0.021418391669382475,-0.008192144986403294,,,"7. Male, non-working partner, no child",,0.005005763479473664,0.004611931584980687,0.0039700168446431495,0.003605351453662961,0.0029214877779981437,0.0006562278009916191,-0.0011509195838533895,-0.0040929510331073424,-0.010462362577366092,-0.02255288743775983,-0.017488341690336424,,,"7. Male, non-working partner, no child",,0.0055526291398030475,0.005287115366535464,0.004760868169132523,0.0045823259361797795,0.004072113627717214,0.0014008643902601661,-0.00010409963158388921,-0.0030499195288455783,-0.00927565078621954,-0.021418391669382475,-0.008192144986403294,,,"7. Male, non-working partner, no child",,0.005005763479473664,0.004611931584980687,0.0039700168446431495,0.003605351453662961,0.0029214877779981437,0.0006562278009916191,-0.0011509195838533895,-0.0040929510331073424,-0.010462362577366092,-0.02255288743775983,-0.017488341690336424
,,,,,,,,,,,,,,,,"8. Female, non-working partner, no child",,0.006782972107373612,0.0030914633560976917,0.002348635717987209,0.0012352883512621975,0.00040362273691322247,0.0007260296483127451,-8.632623844361496e-05,0.0,-0.0006608427000239093,-0.0007608341830943135,0.01308000879638484,,,"8. Female, non-working partner, no child",,0.006145184343618673,0.0026941051997622875,0.0019644987379495112,0.000974040478871971,0.00029451936199211427,0.0003898872362300748,-0.0003349829481537783,0.0,-0.0007496011615482881,-0.0007905178762118118,0.010587133372510753,,,"8. Female, non-working partner, no child",,0.006782972107373612,0.0030914633560976917,0.002348635717987209,0.0012352883512621975,0.00040362273691322247,0.0007260296483127451,-8.632623844361496e-05,0.0,-0.0006608427000239093,-0.0007608341830943135,0.01308000879638484,,,"8. Female, non-working partner, no child",,0.006145184343618673,0.0026941051997622875,0.0019644987379495112,0.000974040478871971,0.00029451936199211427,0.0003898872362300748,-0.0003349829481537783,0.0,-0.0007496011615482881,-0.0007905178762118118,0.010587133372510753
,,,,,,,,,,,,,,,,"9. Male, non-working partner, child",,0.004436140506052317,0.006199405942786519,0.008148207300829621,0.007894797496390774,0.005409502852980617,0.0034438002819486904,-0.0005547420742251924,-0.006438302604398805,-0.012495765806384899,-0.0541845492197381,-0.03814150532375846,,,"9. Male, non-working partner, child",,0.004000283791191406,0.005400376416297609,0.006816547978107093,0.006236919249845013,0.003794554358502327,0.0014827488672561825,-0.0024044800452021307,-0.008486969865439196,-0.014099745741208574,-0.05635623324548769,-0.05361599823613796,,,"9. Male, non-working partner, child",,0.004436140506052317,0.006199405942786519,0.008148207300829621,0.007894797496390774,0.005409502852980617,0.0034438002819486904,-0.0005547420742251924,-0.006438302604398805,-0.012495765806384899,-0.0541845492197381,-0.03814150532375846,,,"9. Male, non-working partner, child",,0.004000283791191406,0.005400376416297609,0.006816547978107093,0.006236919249845013,0.003794554358502327,0.0014827488672561825,-0.0024044800452021307,-0.008486969865439196,-0.014099745741208574,-0.05635623324548769,-0.05361599823613796
,,,,,,,,,,,,,,,,"10. Female, non-working partner, child",,0.0032814135429628027,0.0026967602321800155,0.0013800261720453171,0.0008159201241189843,0.0003661811788469541,1.4213049096790741e-05,2.905492118143087e-05,-0.000256965101682653,-0.00018804720936950047,-0.0016952978042333235,0.0064432591051468155,,,"10. Female, non-working partner, child",,0.002967448102197569,0.0023478603180357295,0.0011455611026187445,0.0006437310756547173,0.0002627991650151842,3.5495553543442608e-06,-1.6075346446520504e-06,-0.0003436497205137074,-0.0002209501311029965,-0.0017379374118704867,0.005066804520744447,,,"10. Female, non-working partner, child",,0.0032814135429628027,0.0026967602321800155,0.0013800261720453171,0.0008159201241189843,0.0003661811788469541,1.4213049096790741e-05,2.905492118143087e-05,-0.000256965101682653,-0.00018804720936950047,-0.0016952978042333235,0.0064432591051468155,,,"10. Female, non-working partner, child",,0.002967448102197569,0.0023478603180357295,0.0011455611026187445,0.0006437310756547173,0.0002627991650151842,3.5495553543442608e-06,-1.6075346446520504e-06,-0.0003436497205137074,-0.0002209501311029965,-0.0017379374118704867,0.005066804520744447
,,,,,,,,,,,,,,,,Welfare effect of the employed ----------->,,0.07235472672877195,0.05483405485979428,0.042463404006730196,0.032834098199063126,0.02378675391416475,0.011665913745419849,-0.0017249984428711757,-0.021146398161468457,-0.053001734000276586,-0.15982059812830612,0.0022452227210218315,,,Welfare effect of the employed ----------->,,0.06539401683428891,0.047897785352423936,0.03547588339908417,0.02586663760452751,0.016836373145181653,0.005293233243782829,-0.009262900409303679,-0.028158105193687222,-0.05992844202751261,-0.16683501315268134,-0.06742053120389584,,,Welfare effect of the employed ----------->,,0.07235472672877195,0.05483405485979428,0.042463404006730196,0.032834098199063126,0.02378675391416475,0.011665913745419849,-0.0017249984428711757,-0.021146398161468457,-0.053001734000276586,-0.15982059812830612,0.0022452227210218315,,,Welfare effect of the employed ----------->,,0.06539401683428891,0.047897785352423936,0.03547588339908417,0.02586663760452751,0.016836373145181653,0.005293233243782829,-0.009262900409303679,-0.028158105193687222,-0.05992844202751261,-0.16683501315268134,-0.06742053120389584
,,,,,,,,,,,,,,,,No gain of those outside the labor market -------------------------------------------------------->,,,,,,Aggregate welfare effect of employed and unemployed --------->,,,,,,0.0022452227210218315,,,No gain of those outside the labor market -------------------------------------------------------->,,,,,,Aggregate welfare effect of employed and unemployed --------->,,,,,,-0.06742053120389584,,,No gain of those outside the labor market -------------------------------------------------------->,,,,,,Aggregate welfare effect of employed and unemployed --------->,,,,,,0.0022452227210218315,,,No gain of those outside the labor market -------------------------------------------------------->,,,,,,Aggregate welfare effect of employed and unemployed --------->,,,,,,-0.06742053120389584
,,,,,,,,,,,,,,,,,,,,,,,,,,,,,,,,,,,,,,,,,,,,,,,,,,,,,,,,,,,,,,,,,,,,,,,,,
,,,,,,,,,,,,,,,,,,,,,,,,,,,,,,,,,,,,,,,,,,,,,,,,,,,,,,,,,,,,,,,,,,,,,,,,,
,,,,,,,,,,,,,,,,,,,,,,,,,,,,,,,,,,,,,,,,,,,,,,,,,,,,,,,,,,,,,,,,,,,,,,,,,
,,,,,,,,,,,,,,,,Calculating the wage share of those gaining under the working poor policy,,,,,,,,,,,,,,,Calculating the wage share of those gaining under the working poor policy,,,,,,,,,,,,,,,Calculating the wage share of those gaining under the working poor policy,,,,,,,,,,,,,,,Calculating the wage share of those gaining under the working poor policy,,,,,,,,,,,,
,,,,,,,,,,,,,,,,,,,,,,,,,,,,,,,,,,,,,,,,,,,,,,,,,,,,,,,,,,,,,,,,,,,,,,,,,
,,,,,,,,,,,,,,,,Demographic Group,,Earnings Deciles,,,,,,,,,,,,,Demographic Group,,Earnings Deciles,,,,,,,,,,,,,Demographic Group,,Earnings Deciles,,,,,,,,,,,,,Demographic Group,,Earnings Deciles,,,,,,,,,,
,,,,,,,,,,,,,,,,,,1.0,2.0,3.0,4.0,5.0,6.0,7.0,8.0,9.0,10.0,Total,,,,,1.0,2.0,3.0,4.0,5.0,6.0,7.0,8.0,9.0,10.0,Total,,,,,1.0,2.0,3.0,4.0,5.0,6.0,7.0,8.0,9.0,10.0,Total,,,,,1.0,2.0,3.0,4.0,5.0,6.0,7.0,8.0,9.0,10.0,Total
,,,,,,,,,,,,,,,,"1. Single earners, no child",,0.006903684345445446,0.011854637903207097,0.014777608060331475,0.01312408966250751,0.022586826909932297,0.00945787421796784,0.0,0.0,0.0,0.0,0.07870472109939167,,,"1. Single earners, no child",,0.006903684345445446,0.011854637903207097,0.014777608060331475,0.01312408966250751,0.022586826909932297,0.00945787421796784,0.0,0.0,0.0,0.0,0.07870472109939167,,,"1. Single earners, no child",,0.006903684345445446,0.011854637903207097,0.014777608060331475,0.01312408966250751,0.022586826909932297,0.00945787421796784,0.0,0.0,0.0,0.0,0.07870472109939167,,,"1. Single earners, no child",,0.006903684345445446,0.011854637903207097,0.014777608060331475,0.01312408966250751,0.022586826909932297,0.00945787421796784,0.0,0.0,0.0,0.0,0.07870472109939167
,,,,,,,,,,,,,,,,2. Lone parents,,0.0005321608303621844,0.0013375315965879794,0.0010597207097354181,4.396138685059394e-05,0.0004872325442719701,0.0019663085449629207,0.0,0.0,0.0,0.0,0.0054269156127710666,,,2. Lone parents,,0.0005321608303621844,0.0013375315965879794,0.0010597207097354181,4.396138685059394e-05,0.0004872325442719701,0.0019663085449629207,0.0,0.0,0.0,0.0,0.0054269156127710666,,,2. Lone parents,,0.0005321608303621844,0.0013375315965879794,0.0010597207097354181,4.396138685059394e-05,0.0004872325442719701,0.0019663085449629207,0.0,0.0,0.0,0.0,0.0054269156127710666,,,2. Lone parents,,0.0005321608303621844,0.0013375315965879794,0.0010597207097354181,4.396138685059394e-05,0.0004872325442719701,0.0019663085449629207,0.0,0.0,0.0,0.0,0.0054269156127710666
,,,,,,,,,,,,,,,,"3. Male, working partner, no child",,0.0010027079959103052,0.0016237765708694383,0.004107547392918437,0.0033854848275515015,0.0027995675008875985,0.00838324163486636,0.0,0.0,0.0,0.0,0.02130232592300364,,,"3. Male, working partner, no child",,0.0010027079959103052,0.0016237765708694383,0.004107547392918437,0.0033854848275515015,0.0027995675008875985,0.00838324163486636,0.0,0.0,0.0,0.0,0.02130232592300364,,,"3. Male, working partner, no child",,0.0010027079959103052,0.0016237765708694383,0.004107547392918437,0.0033854848275515015,0.0027995675008875985,0.00838324163486636,0.0,0.0,0.0,0.0,0.02130232592300364,,,"3. Male, working partner, no child",,0.0010027079959103052,0.0016237765708694383,0.004107547392918437,0.0033854848275515015,0.0027995675008875985,0.00838324163486636,0.0,0.0,0.0,0.0,0.02130232592300364
,,,,,,,,,,,,,,,,"4. Female, working partner, no child",,0.003879964608830441,0.007513898760001992,0.003934044683955197,0.004455007616981562,0.0038239396804683537,0.004865053613038295,0.0,0.0,0.0,0.0,0.028471908963275838,,,"4. Female, working partner, no child",,0.003879964608830441,0.007513898760001992,0.003934044683955197,0.004455007616981562,0.0038239396804683537,0.004865053613038295,0.0,0.0,0.0,0.0,0.028471908963275838,,,"4. Female, working partner, no child",,0.003879964608830441,0.007513898760001992,0.003934044683955197,0.004455007616981562,0.0038239396804683537,0.004865053613038295,0.0,0.0,0.0,0.0,0.028471908963275838,,,"4. Female, working partner, no child",,0.003879964608830441,0.007513898760001992,0.003934044683955197,0.004455007616981562,0.0038239396804683537,0.004865053613038295,0.0,0.0,0.0,0.0,0.028471908963275838
,,,,,,,,,,,,,,,,"5. Male, working partner, child",,0.002101168758392433,0.002305203170129516,0.004538316299083134,0.009097311393194075,0.008118154834331632,0.011895122360697988,0.0,0.0,0.0,0.0,0.03805527681582878,,,"5. Male, working partner, child",,0.002101168758392433,0.002305203170129516,0.004538316299083134,0.009097311393194075,0.008118154834331632,0.011895122360697988,0.0,0.0,0.0,0.0,0.03805527681582878,,,"5. Male, working partner, child",,0.002101168758392433,0.002305203170129516,0.004538316299083134,0.009097311393194075,0.008118154834331632,0.011895122360697988,0.0,0.0,0.0,0.0,0.03805527681582878,,,"5. Male, working partner, child",,0.002101168758392433,0.002305203170129516,0.004538316299083134,0.009097311393194075,0.008118154834331632,0.011895122360697988,0.0,0.0,0.0,0.0,0.03805527681582878
,,,,,,,,,,,,,,,,"6. Female, working partner, child",,0.005588579219575538,0.0056493941519425005,0.006847973683196094,0.007683737400082758,0.00579667617608468,0.0051172029752982046,0.0,0.0,0.0,0.0,0.036683563606179775,,,"6. Female, working partner, child",,0.005588579219575538,0.0056493941519425005,0.006847973683196094,0.007683737400082758,0.00579667617608468,0.0051172029752982046,0.0,0.0,0.0,0.0,0.036683563606179775,,,"6. Female, working partner, child",,0.005588579219575538,0.0056493941519425005,0.006847973683196094,0.007683737400082758,0.00579667617608468,0.0051172029752982046,0.0,0.0,0.0,0.0,0.036683563606179775,,,"6. Female, working partner, child",,0.005588579219575538,0.0056493941519425005,0.006847973683196094,0.007683737400082758,0.00579667617608468,0.0051172029752982046,0.0,0.0,0.0,0.0,0.036683563606179775
,,,,,,,,,,,,,,,,"7. Male, non-working partner, no child",,0.002314844676050746,0.00442640498702245,0.006616701385894665,0.009472901366497845,0.012481346209305407,0.009311837637635281,0.0,0.0,0.0,0.0,0.044624036262406394,,,"7. Male, non-working partner, no child",,0.002314844676050746,0.00442640498702245,0.006616701385894665,0.009472901366497845,0.012481346209305407,0.009311837637635281,0.0,0.0,0.0,0.0,0.044624036262406394,,,"7. Male, non-working partner, no child",,0.002314844676050746,0.00442640498702245,0.006616701385894665,0.009472901366497845,0.012481346209305407,0.009311837637635281,0.0,0.0,0.0,0.0,0.044624036262406394,,,"7. Male, non-working partner, no child",,0.002314844676050746,0.00442640498702245,0.006616701385894665,0.009472901366497845,0.012481346209305407,0.009311837637635281,0.0,0.0,0.0,0.0,0.044624036262406394
,,,,,,,,,,,,,,,,"8. Female, non-working partner, no child",,0.002392551051991827,0.002625123215825259,0.003177744618871829,0.0025231498623196433,0.0011659911695370258,0.004109877627096492,0.0,0.0,0.0,0.0,0.015994437545642073,,,"8. Female, non-working partner, no child",,0.002392551051991827,0.002625123215825259,0.003177744618871829,0.0025231498623196433,0.0011659911695370258,0.004109877627096492,0.0,0.0,0.0,0.0,0.015994437545642073,,,"8. Female, non-working partner, no child",,0.002392551051991827,0.002625123215825259,0.003177744618871829,0.0025231498623196433,0.0011659911695370258,0.004109877627096492,0.0,0.0,0.0,0.0,0.015994437545642073,,,"8. Female, non-working partner, no child",,0.002392551051991827,0.002625123215825259,0.003177744618871829,0.0025231498623196433,0.0011659911695370258,0.004109877627096492,0.0,0.0,0.0,0.0,0.015994437545642073
,,,,,,,,,,,,,,,,"9. Male, non-working partner, child",,0.0018343049440549184,0.005295819180618042,0.0110096876140692,0.01595624059350546,0.01782392706581836,0.02476883359845179,0.0,0.0,0.0,0.0,0.07668881299651777,,,"9. Male, non-working partner, child",,0.0018343049440549184,0.005295819180618042,0.0110096876140692,0.01595624059350546,0.01782392706581836,0.02476883359845179,0.0,0.0,0.0,0.0,0.07668881299651777,,,"9. Male, non-working partner, child",,0.0018343049440549184,0.005295819180618042,0.0110096876140692,0.01595624059350546,0.01782392706581836,0.02476883359845179,0.0,0.0,0.0,0.0,0.07668881299651777,,,"9. Male, non-working partner, child",,0.0018343049440549184,0.005295819180618042,0.0110096876140692,0.01595624059350546,0.01782392706581836,0.02476883359845179,0.0,0.0,0.0,0.0,0.07668881299651777
,,,,,,,,,,,,,,,,"10. Female, non-working partner, child",,0.0012354450998265287,0.002322682636531997,0.001993101687792967,0.001661274785785311,0.001121122460518136,0.00013919712800902298,0.00041206999457243395,0.0,0.0,0.0,0.008884893793036397,,,"10. Female, non-working partner, child",,0.0012354450998265287,0.002322682636531997,0.001993101687792967,0.001661274785785311,0.001121122460518136,0.00013919712800902298,0.0,0.0,0.0,0.0,0.008472823798463962,,,"10. Female, non-working partner, child",,0.0012354450998265287,0.002322682636531997,0.001993101687792967,0.001661274785785311,0.001121122460518136,0.00013919712800902298,0.00041206999457243395,0.0,0.0,0.0,0.008884893793036397,,,"10. Female, non-working partner, child",,0.0012354450998265287,0.002322682636531997,0.001993101687792967,0.001661274785785311,0.001121122460518136,0.00013919712800902298,0.0,0.0,0.0,0.0,0.008472823798463962
,,,,,,,,,,,,,,,,Total:,,0.027785411530440368,0.04495447217273628,0.05806244613584842,0.06740315889527626,0.07620478455115547,0.0800145493380242,0.00041206999457243395,0.0,0.0,0.0,0.35483689261805335,,,Total:,,0.027785411530440368,0.04495447217273628,0.05806244613584842,0.06740315889527626,0.07620478455115547,0.0800145493380242,0.0,0.0,0.0,0.0,0.3544248226234809,,,Total:,,0.027785411530440368,0.04495447217273628,0.05806244613584842,0.06740315889527626,0.07620478455115547,0.0800145493380242,0.00041206999457243395,0.0,0.0,0.0,0.35483689261805335,,,Total:,,0.027785411530440368,0.04495447217273628,0.05806244613584842,0.06740315889527626,0.07620478455115547,0.0800145493380242,0.0,0.0,0.0,0.0,0.3544248226234809
,,,,,,,,,,,,,,,,,,,,,,,,,,,,,,,,,,,,,,,,,,,,,,,,,,,,,,,,,,,,,,,,,,,,,,,,,
,,,,,,,,,,,,,,,,,,,,,,,,,,,,,,,,,,,,,,,,,,,,,,,,,,,,,,,,,,,,,,,,,,,,,,,,,
,,,,,,,,,,,,,,,,,,,,,,,,,,,,,,,,,,,,,,,,,,,,,,,,,,,,,,,,,,,,,,,,,,,,,,,,,
,,,,,,,,,,,,,,,,Calculating the employment share of those gaining under the woorking poor policy,,,,,,,,,,,,,,,Calculating the employment share of those gaining under the woorking poor policy,,,,,,,,,,,,,,,Calculating the employment share of those gaining under the woorking poor policy,,,,,,,,,,,,,,,Calculating the employment share of those gaining under the woorking poor policy,,,,,,,,,,,,
,,,,,,,,,,,,,,,,,,Number of employed gaining in proportion to all employed,,,,,,,,,,,,,,,Number of employed gaining in proportion to all employed,,,,,,,,,,,,,,,Number of employed gaining in proportion to all employed,,,,,,,,,,,,,,,Number of employed gaining in proportion to all employed,,,,,,,,,,
,,,,,,,,,,,,,,,,Demographic Group,,Earnings Deciles,,,,,,,,,,,,,Demographic Group,,Earnings Deciles,,,,,,,,,,,,,Demographic Group,,Earnings Deciles,,,,,,,,,,,,,Demographic Group,,Earnings Deciles,,,,,,,,,,
,,,,,,,,,,,,,,,,,,1.0,2.0,3.0,4.0,5.0,6.0,7.0,8.0,9.0,10.0,Total,,,,,1.0,2.0,3.0,4.0,5.0,6.0,7.0,8.0,9.0,10.0,Total,,,,,1.0,2.0,3.0,4.0,5.0,6.0,7.0,8.0,9.0,10.0,Total,,,,,1.0,2.0,3.0,4.0,5.0,6.0,7.0,8.0,9.0,10.0,Total
,,,,,,,,,,,,,,,,"1. Single earners, no child",,0.023062285043303904,0.02642204547004679,0.025292494748825105,0.019419611266856863,0.0295595997477573,0.01093249131382052,0.0,0.0,0.0,0.0,0.13468852759061048,,,"1. Single earners, no child",,0.023062285043303904,0.02642204547004679,0.025292494748825105,0.019419611266856863,0.0295595997477573,0.01093249131382052,0.0,0.0,0.0,0.0,0.13468852759061048,,,"1. Single earners, no child",,0.023062285043303904,0.02642204547004679,0.025292494748825105,0.019419611266856863,0.0295595997477573,0.01093249131382052,0.0,0.0,0.0,0.0,0.13468852759061048,,,"1. Single earners, no child",,0.023062285043303904,0.02642204547004679,0.025292494748825105,0.019419611266856863,0.0295595997477573,0.01093249131382052,0.0,0.0,0.0,0.0,0.13468852759061048
,,,,,,,,,,,,,,,,2. Lone parents,,0.0015979129400341555,0.0029219283571324628,0.0018419426630306547,6.7870428403912e-05,0.0006203855373137655,0.0022790409877929394,0.0,0.0,0.0,0.0,0.009329080913707889,,,2. Lone parents,,0.0015979129400341555,0.0029219283571324628,0.0018419426630306547,6.7870428403912e-05,0.0006203855373137655,0.0022790409877929394,0.0,0.0,0.0,0.0,0.009329080913707889,,,2. Lone parents,,0.0015979129400341555,0.0029219283571324628,0.0018419426630306547,6.7870428403912e-05,0.0006203855373137655,0.0022790409877929394,0.0,0.0,0.0,0.0,0.009329080913707889,,,2. Lone parents,,0.0015979129400341555,0.0029219283571324628,0.0018419426630306547,6.7870428403912e-05,0.0006203855373137655,0.0022790409877929394,0.0,0.0,0.0,0.0,0.009329080913707889
,,,,,,,,,,,,,,,,"3. Male, working partner, no child",,0.003025806605823112,0.003610997417683176,0.007044403554860466,0.004987850418246776,0.0037408283496988435,0.009535143706032543,0.0,0.0,0.0,0.0,0.03194503005234492,,,"3. Male, working partner, no child",,0.003025806605823112,0.003610997417683176,0.007044403554860466,0.004987850418246776,0.0037408283496988435,0.009535143706032543,0.0,0.0,0.0,0.0,0.03194503005234492,,,"3. Male, working partner, no child",,0.003025806605823112,0.003610997417683176,0.007044403554860466,0.004987850418246776,0.0037408283496988435,0.009535143706032543,0.0,0.0,0.0,0.0,0.03194503005234492,,,"3. Male, working partner, no child",,0.003025806605823112,0.003610997417683176,0.007044403554860466,0.004987850418246776,0.0037408283496988435,0.009535143706032543,0.0,0.0,0.0,0.0,0.03194503005234492
,,,,,,,,,,,,,,,,"4. Female, working partner, no child",,0.014684628103421051,0.016802070615855234,0.006736037290929331,0.006682850877946072,0.004871069163576483,0.005512294645457218,0.0,0.0,0.0,0.0,0.05528895069718539,,,"4. Female, working partner, no child",,0.014684628103421051,0.016802070615855234,0.006736037290929331,0.006682850877946072,0.004871069163576483,0.005512294645457218,0.0,0.0,0.0,0.0,0.05528895069718539,,,"4. Female, working partner, no child",,0.014684628103421051,0.016802070615855234,0.006736037290929331,0.006682850877946072,0.004871069163576483,0.005512294645457218,0.0,0.0,0.0,0.0,0.05528895069718539,,,"4. Female, working partner, no child",,0.014684628103421051,0.016802070615855234,0.006736037290929331,0.006682850877946072,0.004871069163576483,0.005512294645457218,0.0,0.0,0.0,0.0,0.05528895069718539
,,,,,,,,,,,,,,,,"5. Male, working partner, child",,0.008389306448912785,0.00510254509813079,0.00793435903378207,0.013449672082821338,0.010573969069092245,0.013640170249501727,0.0,0.0,0.0,0.0,0.059090021982240955,,,"5. Male, working partner, child",,0.008389306448912785,0.00510254509813079,0.00793435903378207,0.013449672082821338,0.010573969069092245,0.013640170249501727,0.0,0.0,0.0,0.0,0.059090021982240955,,,"5. Male, working partner, child",,0.008389306448912785,0.00510254509813079,0.00793435903378207,0.013449672082821338,0.010573969069092245,0.013640170249501727,0.0,0.0,0.0,0.0,0.059090021982240955,,,"5. Male, working partner, child",,0.008389306448912785,0.00510254509813079,0.00793435903378207,0.013449672082821338,0.010573969069092245,0.013640170249501727,0.0,0.0,0.0,0.0,0.059090021982240955
,,,,,,,,,,,,,,,,"6. Female, working partner, child",,0.021387910147405532,0.012832182140922282,0.012104784903558203,0.01136183914335853,0.007653857419193506,0.005759664246179966,0.0,0.0,0.0,0.0,0.07110023800061802,,,"6. Female, working partner, child",,0.021387910147405532,0.012832182140922282,0.012104784903558203,0.01136183914335853,0.007653857419193506,0.005759664246179966,0.0,0.0,0.0,0.0,0.07110023800061802,,,"6. Female, working partner, child",,0.021387910147405532,0.012832182140922282,0.012104784903558203,0.01136183914335853,0.007653857419193506,0.005759664246179966,0.0,0.0,0.0,0.0,0.07110023800061802,,,"6. Female, working partner, child",,0.021387910147405532,0.012832182140922282,0.012104784903558203,0.01136183914335853,0.007653857419193506,0.005759664246179966,0.0,0.0,0.0,0.0,0.07110023800061802
,,,,,,,,,,,,,,,,"7. Male, non-working partner, no child",,0.007849849165757513,0.009691760205200054,0.01135208161734262,0.014023740898142765,0.016516376912523723,0.01068870352097358,0.0,0.0,0.0,0.0,0.07012251231994025,,,"7. Male, non-working partner, no child",,0.007849849165757513,0.009691760205200054,0.01135208161734262,0.014023740898142765,0.016516376912523723,0.01068870352097358,0.0,0.0,0.0,0.0,0.07012251231994025,,,"7. Male, non-working partner, no child",,0.007849849165757513,0.009691760205200054,0.01135208161734262,0.014023740898142765,0.016516376912523723,0.01068870352097358,0.0,0.0,0.0,0.0,0.07012251231994025,,,"7. Male, non-working partner, no child",,0.007849849165757513,0.009691760205200054,0.01135208161734262,0.014023740898142765,0.016516376912523723,0.01068870352097358,0.0,0.0,0.0,0.0,0.07012251231994025
,,,,,,,,,,,,,,,,"8. Female, non-working partner, no child",,0.009154968227894519,0.005703780321729628,0.005514000185108188,0.003750018591226138,0.0015660976702942795,0.004825073915728345,0.0,0.0,0.0,0.0,0.0305139389119811,,,"8. Female, non-working partner, no child",,0.009154968227894519,0.005703780321729628,0.005514000185108188,0.003750018591226138,0.0015660976702942795,0.004825073915728345,0.0,0.0,0.0,0.0,0.0305139389119811,,,"8. Female, non-working partner, no child",,0.009154968227894519,0.005703780321729628,0.005514000185108188,0.003750018591226138,0.0015660976702942795,0.004825073915728345,0.0,0.0,0.0,0.0,0.0305139389119811,,,"8. Female, non-working partner, no child",,0.009154968227894519,0.005703780321729628,0.005514000185108188,0.003750018591226138,0.0015660976702942795,0.004825073915728345,0.0,0.0,0.0,0.0,0.0305139389119811
,,,,,,,,,,,,,,,,"9. Male, non-working partner, child",,0.0062563984498130295,0.01146947361468397,0.019114977556371867,0.023797607190651243,0.023181382580296225,0.028149432170159694,0.0,0.0,0.0,0.0,0.11196927156197603,,,"9. Male, non-working partner, child",,0.0062563984498130295,0.01146947361468397,0.019114977556371867,0.023797607190651243,0.023181382580296225,0.028149432170159694,0.0,0.0,0.0,0.0,0.11196927156197603,,,"9. Male, non-working partner, child",,0.0062563984498130295,0.01146947361468397,0.019114977556371867,0.023797607190651243,0.023181382580296225,0.028149432170159694,0.0,0.0,0.0,0.0,0.11196927156197603,,,"9. Male, non-working partner, child",,0.0062563984498130295,0.01146947361468397,0.019114977556371867,0.023797607190651243,0.023181382580296225,0.028149432170159694,0.0,0.0,0.0,0.0,0.11196927156197603
,,,,,,,,,,,,,,,,"10. Female, non-working partner, child",,0.004506740013229598,0.005008198354105424,0.0033655714065660954,0.0024716455182533983,0.0014839717939920667,0.0001530665088895624,0.0004401367113478652,0.0,0.0,0.0,0.01742933030638401,,,"10. Female, non-working partner, child",,0.004506740013229598,0.005008198354105424,0.0033655714065660954,0.0024716455182533983,0.0014839717939920667,0.0001530665088895624,0.0,0.0,0.0,0.0,0.016989193595036145,,,"10. Female, non-working partner, child",,0.004506740013229598,0.005008198354105424,0.0033655714065660954,0.0024716455182533983,0.0014839717939920667,0.0001530665088895624,0.0004401367113478652,0.0,0.0,0.0,0.01742933030638401,,,"10. Female, non-working partner, child",,0.004506740013229598,0.005008198354105424,0.0033655714065660954,0.0024716455182533983,0.0014839717939920667,0.0001530665088895624,0.0,0.0,0.0,0.0,0.016989193595036145
,,,,,,,,,,,,,,,,Total ------------------------------------------------>,,0.09991580514559519,0.0995649815954898,0.10030065296037459,0.10001270641590702,0.09976753824373844,0.09147508126453609,0.0004401367113478652,0.0,0.0,0.0,0.5914769023369891,,,Total ------------------------------------------------>,,0.09991580514559519,0.0995649815954898,0.10030065296037459,0.10001270641590702,0.09976753824373844,0.09147508126453609,0.0,0.0,0.0,0.0,0.5910367656256412,,,Total ------------------------------------------------>,,0.09991580514559519,0.0995649815954898,0.10030065296037459,0.10001270641590702,0.09976753824373844,0.09147508126453609,0.0004401367113478652,0.0,0.0,0.0,0.5914769023369891,,,Total ------------------------------------------------>,,0.09991580514559519,0.0995649815954898,0.10030065296037459,0.10001270641590702,0.09976753824373844,0.09147508126453609,0.0,0.0,0.0,0.0,0.5910367656256412
