c,era,t,d,w,tau,a,eta,g
AT,1998,1998,1,0.1947,0.467,0.488,0.4,0.7485
AT,1998,1998,2,0.4571,0.551,0.5705,0.4,0.8827
AT,1998,1998,3,0.6203,0.6248,0.616,0.3,0.7692
AT,1998,1998,4,0.7539,0.611,0.6437,0.3,0.9092
AT,1998,1998,5,0.8566,0.6148,0.6412,0.2,0.8943
AT,1998,1998,6,0.957,0.6237,0.6349,0.2,0.3495
AT,1998,1998,7,1.1007,0.6287,0.6397,0.1,0.8797
AT,1998,1998,8,1.2766,0.6452,0.6343,0.1,0.554
AT,1998,1998,9,1.5519,0.6529,0.6535,0.0,0.3257
AT,1998,1998,10,2.2228,0.5381,0.6191,0.0,0.614
BE,1998,1998,1,0.1913,0.6071,0.6597,0.4,0.4578
BE,1998,1998,2,0.4487,0.6918,0.7126,0.4,0.4168
BE,1998,1998,3,0.6212,0.6864,0.7331,0.3,0.6457
BE,1998,1998,4,0.7509,0.689,0.7112,0.3,0.8722
BE,1998,1998,5,0.8552,0.692,0.7212,0.2,0.4066
BE,1998,1998,6,0.971,0.6831,0.7056,0.2,0.9048
BE,1998,1998,7,1.0906,0.7071,0.7096,0.1,0.4434
BE,1998,1998,8,1.2538,0.704,0.7029,0.1,0.5649
BE,1998,1998,9,1.4841,0.7196,0.7072,0.0,0.1317
BE,1998,1998,10,2.3183,0.739,0.703,0.0,0.2133
DK,1998,1998,1,0.3724,0.6517,0.8357,0.4,-0.7332
DK,1998,1998,2,0.6073,0.6527,0.8022,0.4,0.1061
DK,1998,1998,3,0.7192,0.6546,0.7664,0.3,0.8319
DK,1998,1998,4,0.7952,0.6588,0.7771,0.3,0.3081
DK,1998,1998,5,0.8622,0.6516,0.7368,0.2,0.5775
DK,1998,1998,6,0.9312,0.6504,0.7344,0.2,0.4869
DK,1998,1998,7,1.0197,0.6892,0.727,0.1,0.2291
DK,1998,1998,8,1.1547,0.7149,0.7178,0.1,0.4508
DK,1998,1998,9,1.3707,0.7287,0.7023,0.0,0.007
DK,1998,1998,10,2.1554,0.7293,0.7066,0.0,0.2598
FI,1998,1998,1,0.4985,0.6442,0.6929,0.4,0.804
FI,1998,1998,2,0.639,0.6615,0.7015,0.4,1.0324
FI,1998,1998,3,0.7131,0.6586,0.6942,0.3,1.0583
FI,1998,1998,4,0.778,0.6856,0.6886,0.3,0.5933
FI,1998,1998,5,0.8437,0.6889,0.6985,0.2,0.3636
FI,1998,1998,6,0.9201,0.6895,0.6997,0.2,0.1522
FI,1998,1998,7,1.0196,0.6919,0.6884,0.1,0.4185
FI,1998,1998,8,1.1635,0.7054,0.6941,0.1,0.5818
FI,1998,1998,9,1.3681,0.7232,0.6972,0.0,0.082
FI,1998,1998,10,2.0545,0.7344,0.7053,0.0,0.1724
FR,1998,1998,1,0.2812,0.5267,0.6824,0.4,0.6668
FR,1998,1998,2,0.4934,0.7319,0.724,0.4,0.2528
FR,1998,1998,3,0.617,0.6538,0.7329,0.3,0.4781
FR,1998,1998,4,0.6993,0.5939,0.7264,0.3,0.4244
FR,1998,1998,5,0.7783,0.5947,0.7137,0.2,0.4681
FR,1998,1998,6,0.8734,0.6078,0.7092,0.2,0.4155
FR,1998,1998,7,0.9869,0.6047,0.706,0.1,0.498
FR,1998,1998,8,1.1575,0.6108,0.7012,0.1,0.4994
FR,1998,1998,9,1.4617,0.6253,0.7023,0.0,0.6448
FR,1998,1998,10,2.6457,0.6655,0.7074,0.0,0.5554
DE,1998,1998,1,0.1939,0.6355,0.5269,0.4,0.7024
DE,1998,1998,2,0.4822,0.6579,0.6533,0.4,0.7308
DE,1998,1998,3,0.6494,0.6756,0.6864,0.3,0.7592
DE,1998,1998,4,0.7795,0.6709,0.7095,0.3,0.8244
DE,1998,1998,5,0.8814,0.6753,0.7103,0.2,0.7657
DE,1998,1998,6,0.9829,0.6745,0.7081,0.2,0.3676
DE,1998,1998,7,1.1043,0.6762,0.7008,0.1,0.6708
DE,1998,1998,8,1.2514,0.6771,0.71,0.1,0.2145
DE,1998,1998,9,1.4749,0.6546,0.7052,0.0,0.1654
DE,1998,1998,10,2.1888,0.5729,0.6697,0.0,0.5888
EL,1998,1998,1,0.2581,0.2843,0.3291,0.4,0.901
EL,1998,1998,2,0.4831,0.3897,0.4066,0.4,0.9566
EL,1998,1998,3,0.633,0.4635,0.472,0.3,1.0702
EL,1998,1998,4,0.725,0.4738,0.4798,0.3,0.9213
EL,1998,1998,5,0.8002,0.4588,0.4658,0.2,0.8723
EL,1998,1998,6,0.8953,0.5016,0.4906,0.2,0.7591
EL,1998,1998,7,1.0187,0.5252,0.4987,0.1,0.8764
EL,1998,1998,8,1.1772,0.5406,0.519,0.1,0.7153
EL,1998,1998,9,1.4256,0.5497,0.5345,0.0,0.4884
EL,1998,1998,10,2.5656,0.4541,0.5222,0.0,0.8128
IE,1998,1998,1,0.1753,0.4362,0.6829,0.4,0.2374
IE,1998,1998,2,0.3939,0.4923,0.6847,0.4,0.3841
IE,1998,1998,3,0.5384,0.5461,0.6582,0.3,0.8055
IE,1998,1998,4,0.6723,0.6044,0.6367,0.3,0.5057
IE,1998,1998,5,0.794,0.5576,0.6372,0.2,0.7378
IE,1998,1998,6,0.916,0.5509,0.6295,0.2,0.8307
IE,1998,1998,7,1.057,0.5972,0.6325,0.1,0.6635
IE,1998,1998,8,1.2681,0.6042,0.6231,0.1,0.6376
IE,1998,1998,9,1.5884,0.5913,0.6142,0.0,0.6512
IE,1998,1998,10,2.5748,0.5883,0.6034,0.0,0.627
IT,1998,1998,1,0.3333,0.5156,0.5179,0.4,0.7798
IT,1998,1998,2,0.5571,0.5706,0.5292,0.4,1.1021
IT,1998,1998,3,0.6821,0.5989,0.5314,0.3,1.1405
IT,1998,1998,4,0.7615,0.5812,0.5391,0.3,0.9929
IT,1998,1998,5,0.8359,0.6055,0.5401,0.2,0.9749
IT,1998,1998,6,0.9112,0.605,0.5451,0.2,0.429
IT,1998,1998,7,1.0281,0.6384,0.5478,0.1,0.8305
IT,1998,1998,8,1.1673,0.6419,0.5566,0.1,0.2981
IT,1998,1998,9,1.4182,0.6218,0.5573,0.0,0.5384
IT,1998,1998,10,2.2931,0.6399,0.5724,0.0,0.5342
LU,1998,1998,1,0.2538,0.4592,0.4037,0.4,0.857
LU,1998,1998,2,0.4581,0.4867,0.4776,0.4,1.016
LU,1998,1998,3,0.545,0.4856,0.4793,0.3,0.7902
LU,1998,1998,4,0.6393,0.4941,0.517,0.3,0.7304
LU,1998,1998,5,0.7396,0.4911,0.5274,0.2,0.7443
LU,1998,1998,6,0.8695,0.5034,0.56,0.2,0.9177
LU,1998,1998,7,1.0163,0.551,0.5532,0.1,0.9172
LU,1998,1998,8,1.1915,0.5686,0.5499,0.1,0.6347
LU,1998,1998,9,1.5461,0.5982,0.5581,0.0,0.6575
LU,1998,1998,10,2.7321,0.5705,0.5672,0.0,0.694
NL,1998,1998,1,0.1687,0.5384,0.5652,0.4,0.5882
NL,1998,1998,2,0.4281,0.5762,0.5917,0.4,0.7098
NL,1998,1998,3,0.6203,0.6147,0.6109,0.3,0.8106
NL,1998,1998,4,0.7695,0.6072,0.6177,0.3,0.8266
NL,1998,1998,5,0.8914,0.6008,0.6227,0.2,0.8665
NL,1998,1998,6,0.9962,0.5793,0.6161,0.2,0.9255
NL,1998,1998,7,1.1031,0.5998,0.6152,0.1,0.7249
NL,1998,1998,8,1.249,0.6261,0.5911,0.1,0.3952
NL,1998,1998,9,1.4709,0.5936,0.5875,0.0,0.4706
NL,1998,1998,10,2.2981,0.6135,0.5934,0.0,0.5589
PT,1998,1998,1,0.2117,0.4902,0.6087,0.4,0.4616
PT,1998,1998,2,0.4603,0.4948,0.5633,0.4,1.0232
PT,1998,1998,3,0.5424,0.5187,0.5778,0.3,0.8755
PT,1998,1998,4,0.6072,0.5184,0.5802,0.3,0.5217
PT,1998,1998,5,0.6829,0.5113,0.5733,0.2,0.6999
PT,1998,1998,6,0.7714,0.5165,0.5748,0.2,0.6327
PT,1998,1998,7,0.9045,0.5359,0.5741,0.1,0.797
PT,1998,1998,8,1.0835,0.5528,0.5792,0.1,0.6375
PT,1998,1998,9,1.4605,0.5721,0.5849,0.0,0.775
PT,1998,1998,10,3.2445,0.6153,0.6189,0.0,0.7092
ES,1998,1998,1,0.2781,0.1847,0.449,0.4,0.7793
ES,1998,1998,2,0.4515,0.3302,0.461,0.4,0.7831
ES,1998,1998,3,0.5789,0.3565,0.4871,0.3,0.8627
ES,1998,1998,4,0.6739,0.361,0.5025,0.3,0.8009
ES,1998,1998,5,0.7638,0.3731,0.5089,0.2,0.684
ES,1998,1998,6,0.8747,0.3544,0.5166,0.2,0.8752
ES,1998,1998,7,1.0182,0.3834,0.5244,0.1,0.8147
ES,1998,1998,8,1.2123,0.3867,0.5135,0.1,0.8099
ES,1998,1998,9,1.5353,0.397,0.5128,0.0,0.9139
ES,1998,1998,10,2.5896,0.477,0.4824,0.0,0.7759
SE,1998,1998,1,0.573,0.6463,0.7437,0.4,0.644
SE,1998,1998,2,0.6916,0.6294,0.722,0.4,1.2501
SE,1998,1998,3,0.7471,0.6275,0.7117,0.3,0.3693
SE,1998,1998,4,0.8,0.6121,0.7038,0.3,0.3803
SE,1998,1998,5,0.854,0.6096,0.6945,0.2,0.9919
SE,1998,1998,6,0.9123,0.6519,0.6815,0.2,0.9806
SE,1998,1998,7,0.9815,0.7015,0.6772,0.1,0.1485
SE,1998,1998,8,1.0813,0.7124,0.6745,0.1,-0.2309
SE,1998,1998,9,1.2857,0.726,0.6699,0.0,0.031
SE,1998,1998,10,2.0714,0.7251,0.6778,0.0,0.3046
AT,policy,2009,1,0.1947,0.8898,0.9522,0.4,-7.4588
AT,policy,2009,2,0.4571,0.6461,0.8277,0.4,-0.5088
AT,policy,2009,3,0.6203,0.6596,0.7216,0.3,0.6564
AT,policy,2009,4,0.7539,0.6754,0.6869,0.3,0.9752
AT,policy,2009,5,0.8566,0.6834,0.6802,0.2,0.8992
AT,policy,2009,6,0.957,0.6898,0.6618,0.2,-0.0077
AT,policy,2009,7,1.1007,0.6659,0.6552,0.1,0.4537
AT,policy,2009,8,1.2766,0.6112,0.6598,0.1,0.4467
AT,policy,2009,9,1.5519,0.584,0.6341,0.0,0.7096
AT,policy,2009,10,2.2228,0.6018,0.6142,0.0,0.4993
AT,policy,2010,1,0.1947,0.8883,0.9522,0.4,-7.3933
AT,policy,2010,2,0.4571,0.671,0.8287,0.4,-0.5617
AT,policy,2010,3,0.6203,0.6591,0.723,0.3,0.6529
AT,policy,2010,4,0.7539,0.6755,0.6881,0.3,0.9677
AT,policy,2010,5,0.8566,0.6829,0.6813,0.2,0.8981
AT,policy,2010,6,0.957,0.6896,0.663,0.2,-0.0098
AT,policy,2010,7,1.1007,0.6656,0.6563,0.1,0.471
AT,policy,2010,8,1.2766,0.6144,0.6609,0.1,0.438
AT,policy,2010,9,1.5519,0.5864,0.6352,0.0,0.7063
AT,policy,2010,10,2.2228,0.6039,0.6155,0.0,0.4949
AT,policy,2011,1,0.1947,0.9397,0.9676,0.4,-11.474
AT,policy,2011,2,0.4571,0.855,0.9248,0.4,-4.0719
AT,policy,2011,3,0.6203,0.6991,0.8063,0.3,0.0846
AT,policy,2011,4,0.7539,0.6839,0.7488,0.3,0.728
AT,policy,2011,5,0.8566,0.6875,0.7325,0.2,0.7669
AT,policy,2011,6,0.957,0.6923,0.6992,0.2,-0.1068
AT,policy,2011,7,1.1007,0.6659,0.6823,0.1,0.4177
AT,policy,2011,8,1.2766,0.6088,0.6867,0.1,0.4392
AT,policy,2011,9,1.5519,0.586,0.6487,0.0,0.7094
AT,policy,2011,10,2.2228,0.6047,0.6223,0.0,0.4931
AT,policy,2012,1,0.1947,0.9412,0.9678,0.4,-11.603
AT,policy,2012,2,0.4571,0.853,0.9273,0.4,-4.219
AT,policy,2012,3,0.6203,0.7028,0.81,0.3,0.0757
AT,policy,2012,4,0.7539,0.6903,0.7528,0.3,0.6997
AT,policy,2012,5,0.8566,0.6907,0.7365,0.2,0.7699
AT,policy,2012,6,0.957,0.6965,0.7031,0.2,-0.1823
AT,policy,2012,7,1.1007,0.6622,0.6855,0.1,0.4426
AT,policy,2012,8,1.2766,0.6094,0.6887,0.1,0.4295
AT,policy,2012,9,1.5519,0.5845,0.6505,0.0,0.7182
AT,policy,2012,10,2.2228,0.6066,0.6244,0.0,0.489
AT,policy,2013,1,0.1947,0.9394,0.9677,0.4,-11.5711
AT,policy,2013,2,0.4571,0.8429,0.926,0.4,-4.0678
AT,policy,2013,3,0.6203,0.6985,0.8061,0.3,0.0796
AT,policy,2013,4,0.7539,0.6822,0.7476,0.3,0.7033
AT,policy,2013,5,0.8566,0.6828,0.7316,0.2,0.7842
AT,policy,2013,6,0.957,0.6899,0.699,0.2,-0.1141
AT,policy,2013,7,1.1007,0.661,0.6809,0.1,0.4435
AT,policy,2013,8,1.2766,0.607,0.6846,0.1,0.4743
AT,policy,2013,9,1.5519,0.5934,0.6467,0.0,0.6892
AT,policy,2013,10,2.2228,0.6069,0.6228,0.0,0.4885
AT,policy,2014,1,0.1947,0.9394,0.9678,0.4,-11.5943
AT,policy,2014,2,0.4571,0.8441,0.9278,0.4,-4.1959
AT,policy,2014,3,0.6203,0.7013,0.8088,0.3,0.0535
AT,policy,2014,4,0.7539,0.6836,0.7502,0.3,0.6913
AT,policy,2014,5,0.8566,0.6838,0.7341,0.2,0.7671
AT,policy,2014,6,0.957,0.6897,0.7012,0.2,-0.1182
AT,policy,2014,7,1.1007,0.6608,0.6827,0.1,0.444
AT,policy,2014,8,1.2766,0.6073,0.6862,0.1,0.4718
AT,policy,2014,9,1.5519,0.5936,0.6482,0.0,0.6889
AT,policy,2014,10,2.2228,0.6071,0.6243,0.0,0.4881
AT,policy,2015,1,0.1947,0.9522,0.9669,0.4,-11.7099
AT,policy,2015,2,0.4571,0.8442,0.9283,0.4,-4.2266
AT,policy,2015,3,0.6203,0.7045,0.8102,0.3,0.0447
AT,policy,2015,4,0.7539,0.6865,0.7522,0.3,0.6869
AT,policy,2015,5,0.8566,0.6863,0.7361,0.2,0.7484
AT,policy,2015,6,0.957,0.6905,0.7035,0.2,-0.1254
AT,policy,2015,7,1.1007,0.6618,0.6851,0.1,0.4465
AT,policy,2015,8,1.2766,0.6096,0.6883,0.1,0.4789
AT,policy,2015,9,1.5519,0.5994,0.6509,0.0,0.6716
AT,policy,2015,10,2.2228,0.6085,0.6271,0.0,0.4851
AT,policy,2016,1,0.1947,0.9567,0.9653,0.4,-11.5086
AT,policy,2016,2,0.4571,0.8222,0.9176,0.4,-3.4958
AT,policy,2016,3,0.6203,0.6702,0.7894,0.3,0.2178
AT,policy,2016,4,0.7539,0.6646,0.7293,0.3,0.7719
AT,policy,2016,5,0.8566,0.6697,0.7133,0.2,0.8218
AT,policy,2016,6,0.957,0.6779,0.6819,0.2,-0.0007
AT,policy,2016,7,1.1007,0.6553,0.6654,0.1,0.5467
AT,policy,2016,8,1.2766,0.6174,0.6707,0.1,0.4532
AT,policy,2016,9,1.5519,0.598,0.6359,0.0,0.6654
AT,policy,2016,10,2.2228,0.6032,0.6141,0.0,0.4963
AT,policy,2017,1,0.1947,0.9351,0.9628,0.4,-10.08
AT,policy,2017,2,0.4571,0.7983,0.9024,0.4,-2.7079
AT,policy,2017,3,0.6203,0.643,0.7621,0.3,0.3244
AT,policy,2017,4,0.7539,0.6329,0.6961,0.3,0.8325
AT,policy,2017,5,0.8566,0.6405,0.6821,0.2,0.8852
AT,policy,2017,6,0.957,0.6533,0.6554,0.2,0.1164
AT,policy,2017,7,1.1007,0.6316,0.636,0.1,0.6795
AT,policy,2017,8,1.2766,0.6105,0.6419,0.1,0.5029
AT,policy,2017,9,1.5519,0.5956,0.6066,0.0,0.6723
AT,policy,2017,10,2.2228,0.6026,0.5954,0.0,0.4977
AT,policy,2018,1,0.1947,0.9349,0.9628,0.4,-10.0815
AT,policy,2018,2,0.4571,0.8001,0.9034,0.4,-2.7611
AT,policy,2018,3,0.6203,0.6426,0.7637,0.3,0.3224
AT,policy,2018,4,0.7539,0.6343,0.6976,0.3,0.8205
AT,policy,2018,5,0.8566,0.6403,0.6836,0.2,0.8756
AT,policy,2018,6,0.957,0.6524,0.6567,0.2,0.1274
AT,policy,2018,7,1.1007,0.6325,0.6371,0.1,0.7021
AT,policy,2018,8,1.2766,0.6163,0.643,0.1,0.4751
AT,policy,2018,9,1.5519,0.596,0.6078,0.0,0.6686
AT,policy,2018,10,2.2228,0.6015,0.5964,0.0,0.5
AT,policy,2019,1,0.1947,0.9469,0.9629,0.4,-10.6801
AT,policy,2019,2,0.4571,0.7381,0.8967,0.4,-2.3111
AT,policy,2019,3,0.6203,0.6333,0.754,0.3,0.3914
AT,policy,2019,4,0.7539,0.6324,0.6926,0.3,0.8654
AT,policy,2019,5,0.8566,0.6435,0.6804,0.2,0.8607
AT,policy,2019,6,0.957,0.6523,0.658,0.2,0.1313
AT,policy,2019,7,1.1007,0.6335,0.6358,0.1,0.6709
AT,policy,2019,8,1.2766,0.611,0.6438,0.1,0.4959
AT,policy,2019,9,1.5519,0.5946,0.6095,0.0,0.6747
AT,policy,2019,10,2.2228,0.6021,0.5982,0.0,0.4986
AT,policy,2020,1,0.1947,0.9389,0.9618,0.4,-9.998
AT,policy,2020,2,0.4571,0.7734,0.8946,0.4,-2.3482
AT,policy,2020,3,0.6203,0.6294,0.7524,0.3,0.4042
AT,policy,2020,4,0.7539,0.6308,0.6901,0.3,0.8797
AT,policy,2020,5,0.8566,0.6435,0.6778,0.2,0.8638
AT,policy,2020,6,0.957,0.6521,0.6546,0.2,0.1391
AT,policy,2020,7,1.1007,0.6336,0.6326,0.1,0.7062
AT,policy,2020,8,1.2766,0.6176,0.6414,0.1,0.466
AT,policy,2020,9,1.5519,0.5948,0.607,0.0,0.6713
AT,policy,2020,10,2.2228,0.6008,0.596,0.0,0.5014
AT,policy,2021,1,0.1947,0.9236,0.9619,0.4,-9.7708
AT,policy,2021,2,0.4571,0.7533,0.9006,0.4,-2.4901
AT,policy,2021,3,0.6203,0.639,0.7622,0.3,0.3452
AT,policy,2021,4,0.7539,0.6352,0.6984,0.3,0.8489
AT,policy,2021,5,0.8566,0.6456,0.6852,0.2,0.8622
AT,policy,2021,6,0.957,0.6554,0.6602,0.2,0.1189
AT,policy,2021,7,1.1007,0.6364,0.6385,0.1,0.7117
AT,policy,2021,8,1.2766,0.6227,0.6466,0.1,0.4565
AT,policy,2021,9,1.5519,0.6008,0.6119,0.0,0.6553
AT,policy,2021,10,2.2228,0.603,0.6003,0.0,0.4968
AT,policy,2022,1,0.1947,0.9356,0.9593,0.4,-9.3533
AT,policy,2022,2,0.4571,0.7457,0.8896,0.4,-2.0722
AT,policy,2022,3,0.6203,0.6377,0.7493,0.3,0.411
AT,policy,2022,4,0.7539,0.6345,0.69,0.3,0.8678
AT,policy,2022,5,0.8566,0.644,0.6787,0.2,0.8992
AT,policy,2022,6,0.957,0.6571,0.6573,0.2,0.0944
AT,policy,2022,7,1.1007,0.6336,0.6346,0.1,0.6663
AT,policy,2022,8,1.2766,0.61,0.6439,0.1,0.5286
AT,policy,2022,9,1.5519,0.6027,0.61,0.0,0.6433
AT,policy,2022,10,2.2228,0.6005,0.5991,0.0,0.5019
AT,policy,2023,1,0.1947,0.925,0.9617,0.4,-9.5377
AT,policy,2023,2,0.4571,0.8045,0.896,0.4,-2.4999
AT,policy,2023,3,0.6203,0.6371,0.7507,0.3,0.3659
AT,policy,2023,4,0.7539,0.6248,0.6887,0.3,0.9161
AT,policy,2023,5,0.8566,0.6446,0.6767,0.2,0.8789
AT,policy,2023,6,0.957,0.6546,0.6536,0.2,0.0517
AT,policy,2023,7,1.1007,0.6209,0.6303,0.1,0.7019
AT,policy,2023,8,1.2766,0.6021,0.6379,0.1,0.5137
AT,policy,2023,9,1.5519,0.5861,0.6032,0.0,0.6982
AT,policy,2023,10,2.2228,0.5997,0.5929,0.0,0.5038
AT,policy,2024,1,0.1947,0.9386,0.9622,0.4,-10.0747
AT,policy,2024,2,0.4571,0.7821,0.8967,0.4,-2.4056
AT,policy,2024,3,0.6203,0.647,0.7522,0.3,0.3009
AT,policy,2024,4,0.7539,0.6175,0.6866,0.3,0.8424
AT,policy,2024,5,0.8566,0.6274,0.6729,0.2,0.8815
AT,policy,2024,6,0.957,0.6399,0.6461,0.2,0.0948
AT,policy,2024,7,1.1007,0.6046,0.6228,0.1,0.7639
AT,policy,2024,8,1.2766,0.5964,0.629,0.1,0.5339
AT,policy,2024,9,1.5519,0.5823,0.5934,0.0,0.7069
AT,policy,2024,10,2.2228,0.5978,0.5848,0.0,0.5076
AT,policy,2025,1,0.1947,0.93,0.9627,0.4,-9.8833
AT,policy,2025,2,0.4571,0.8104,0.8976,0.4,-2.651
AT,policy,2025,3,0.6203,0.6146,0.755,0.3,0.3747
AT,policy,2025,4,0.7539,0.6168,0.6887,0.3,0.8324
AT,policy,2025,5,0.8566,0.6264,0.6745,0.2,0.8819
AT,policy,2025,6,0.957,0.6395,0.647,0.2,0.1487
AT,policy,2025,7,1.1007,0.6152,0.6244,0.1,0.7091
AT,policy,2025,8,1.2766,0.5963,0.6311,0.1,0.5383
AT,policy,2025,9,1.5519,0.584,0.5955,0.0,0.7003
AT,policy,2025,10,2.2228,0.5974,0.5863,0.0,0.5085
AT,policy,2026,1,0.1947,0.928,0.9623,0.4,-9.7924
AT,policy,2026,2,0.4571,0.8,0.8944,0.4,-2.4781
AT,policy,2026,3,0.6203,0.6171,0.7492,0.3,0.402
AT,policy,2026,4,0.7539,0.6182,0.6852,0.3,0.8497
AT,policy,2026,5,0.8566,0.6283,0.6721,0.2,0.8838
AT,policy,2026,6,0.957,0.6407,0.6464,0.2,0.1928
AT,policy,2026,7,1.1007,0.6252,0.6244,0.1,0.7114
AT,policy,2026,8,1.2766,0.6081,0.633,0.1,0.5282
AT,policy,2026,9,1.5519,0.5976,0.5987,0.0,0.6551
AT,policy,2026,10,2.2228,0.5976,0.5894,0.0,0.508
BE,policy,2009,1,0.1913,0.8792,0.884,0.4,-2.4554
BE,policy,2009,2,0.4487,0.6496,0.7504,0.4,0.4927
BE,policy,2009,3,0.6212,0.736,0.7337,0.3,0.5211
BE,policy,2009,4,0.7509,0.7041,0.7051,0.3,0.8158
BE,policy,2009,5,0.8552,0.6939,0.6974,0.2,0.5505
BE,policy,2009,6,0.971,0.6953,0.6934,0.2,0.7552
BE,policy,2009,7,1.0906,0.7004,0.7008,0.1,0.5453
BE,policy,2009,8,1.2538,0.7063,0.6913,0.1,0.4645
BE,policy,2009,9,1.4841,0.7076,0.6939,0.0,0.112
BE,policy,2009,10,2.3183,0.7077,0.6933,0.0,0.3272
BE,policy,2010,1,0.1913,0.8813,0.8858,0.4,-2.5026
BE,policy,2010,2,0.4487,0.6638,0.7505,0.4,0.4914
BE,policy,2010,3,0.6212,0.7398,0.7344,0.3,0.5069
BE,policy,2010,4,0.7509,0.7054,0.7062,0.3,0.8604
BE,policy,2010,5,0.8552,0.7002,0.6986,0.2,0.5096
BE,policy,2010,6,0.971,0.6973,0.6948,0.2,0.7441
BE,policy,2010,7,1.0906,0.7013,0.702,0.1,0.5576
BE,policy,2010,8,1.2538,0.7088,0.693,0.1,0.4455
BE,policy,2010,9,1.4841,0.7084,0.6955,0.0,0.109
BE,policy,2010,10,2.3183,0.7085,0.6948,0.0,0.3244
BE,policy,2011,1,0.1913,0.8784,0.8845,0.4,-2.4484
BE,policy,2011,2,0.4487,0.6614,0.7538,0.4,0.4536
BE,policy,2011,3,0.6212,0.736,0.7373,0.3,0.5163
BE,policy,2011,4,0.7509,0.7057,0.7081,0.3,0.8724
BE,policy,2011,5,0.8552,0.7024,0.7001,0.2,0.497
BE,policy,2011,6,0.971,0.6985,0.6962,0.2,0.7373
BE,policy,2011,7,1.0906,0.702,0.7034,0.1,0.5193
BE,policy,2011,8,1.2538,0.7056,0.6937,0.1,0.4617
BE,policy,2011,9,1.4841,0.7068,0.6959,0.0,0.1207
BE,policy,2011,10,2.3183,0.7085,0.6946,0.0,0.3245
BE,policy,2012,1,0.1913,0.8804,0.8867,0.4,-2.5176
BE,policy,2012,2,0.4487,0.6683,0.761,0.4,0.4097
BE,policy,2012,3,0.6212,0.739,0.7405,0.3,0.4475
BE,policy,2012,4,0.7509,0.6997,0.7091,0.3,0.8896
BE,policy,2012,5,0.8552,0.7004,0.7004,0.2,0.5002
BE,policy,2012,6,0.971,0.6969,0.6961,0.2,0.7401
BE,policy,2012,7,1.0906,0.7008,0.7035,0.1,0.5423
BE,policy,2012,8,1.2538,0.7068,0.6935,0.1,0.4565
BE,policy,2012,9,1.4841,0.7075,0.6957,0.0,0.1147
BE,policy,2012,10,2.3183,0.7082,0.6945,0.0,0.3254
BE,policy,2013,1,0.1913,0.877,0.8841,0.4,-2.4395
BE,policy,2013,2,0.4487,0.6529,0.7565,0.4,0.4298
BE,policy,2013,3,0.6212,0.7323,0.7366,0.3,0.5282
BE,policy,2013,4,0.7509,0.7043,0.7061,0.3,0.8525
BE,policy,2013,5,0.8552,0.6985,0.6982,0.2,0.5153
BE,policy,2013,6,0.971,0.6961,0.6942,0.2,0.7701
BE,policy,2013,7,1.0906,0.7027,0.7019,0.1,0.5174
BE,policy,2013,8,1.2538,0.706,0.692,0.1,0.4583
BE,policy,2013,9,1.4841,0.7065,0.6945,0.0,0.122
BE,policy,2013,10,2.3183,0.7082,0.6934,0.0,0.3256
BE,policy,2014,1,0.1913,0.867,0.8705,0.4,-2.067
BE,policy,2014,2,0.4487,0.6131,0.7357,0.4,0.414
BE,policy,2014,3,0.6212,0.6873,0.7068,0.3,0.5345
BE,policy,2014,4,0.7509,0.6489,0.6626,0.3,0.8183
BE,policy,2014,5,0.8552,0.6368,0.651,0.2,0.5813
BE,policy,2014,6,0.971,0.6294,0.6428,0.2,0.7873
BE,policy,2014,7,1.0906,0.6338,0.6517,0.1,0.6073
BE,policy,2014,8,1.2538,0.6334,0.6346,0.1,0.5887
BE,policy,2014,9,1.4841,0.632,0.6352,0.0,0.3693
BE,policy,2014,10,2.3183,0.6317,0.6263,0.0,0.5232
BE,policy,2015,1,0.1913,0.8666,0.8704,0.4,-2.0609
BE,policy,2015,2,0.4487,0.6154,0.7315,0.4,0.492
BE,policy,2015,3,0.6212,0.7019,0.7037,0.3,0.5098
BE,policy,2015,4,0.7509,0.6533,0.6608,0.3,0.8056
BE,policy,2015,5,0.8552,0.6374,0.6496,0.2,0.5831
BE,policy,2015,6,0.971,0.6299,0.6417,0.2,0.7916
BE,policy,2015,7,1.0906,0.6347,0.6508,0.1,0.6113
BE,policy,2015,8,1.2538,0.6349,0.634,0.1,0.5912
BE,policy,2015,9,1.4841,0.6343,0.635,0.0,0.3605
BE,policy,2015,10,2.3183,0.6328,0.6268,0.0,0.521
BE,policy,2016,1,0.1913,0.8627,0.8527,0.4,-1.6916
BE,policy,2016,2,0.4487,0.5933,0.7149,0.4,0.6891
BE,policy,2016,3,0.6212,0.7214,0.6942,0.3,0.5207
BE,policy,2016,4,0.7509,0.6664,0.6537,0.3,0.7962
BE,policy,2016,5,0.8552,0.6432,0.6443,0.2,0.5511
BE,policy,2016,6,0.971,0.6293,0.637,0.2,0.8064
BE,policy,2016,7,1.0906,0.6353,0.6476,0.1,0.6075
BE,policy,2016,8,1.2538,0.6345,0.6299,0.1,0.5876
BE,policy,2016,9,1.4841,0.6324,0.6315,0.0,0.3596
BE,policy,2016,10,2.3183,0.6278,0.6223,0.0,0.5312
BE,policy,2017,1,0.1913,0.8542,0.8397,0.4,-1.4272
BE,policy,2017,2,0.4487,0.5961,0.7032,0.4,0.7555
BE,policy,2017,3,0.6212,0.7243,0.6868,0.3,0.5428
BE,policy,2017,4,0.7509,0.6688,0.6522,0.3,0.8051
BE,policy,2017,5,0.8552,0.6458,0.6435,0.2,0.5526
BE,policy,2017,6,0.971,0.6322,0.6365,0.2,0.8101
BE,policy,2017,7,1.0906,0.6383,0.6473,0.1,0.6054
BE,policy,2017,8,1.2538,0.6376,0.6312,0.1,0.583
BE,policy,2017,9,1.4841,0.6354,0.6326,0.0,0.3515
BE,policy,2017,10,2.3183,0.6311,0.6251,0.0,0.5246
BE,policy,2018,1,0.1913,0.8521,0.8412,0.4,-1.4624
BE,policy,2018,2,0.4487,0.5738,0.6965,0.4,0.7784
BE,policy,2018,3,0.6212,0.7181,0.6774,0.3,0.5742
BE,policy,2018,4,0.7509,0.6638,0.6436,0.3,0.7998
BE,policy,2018,5,0.8552,0.6379,0.6353,0.2,0.575
BE,policy,2018,6,0.971,0.6253,0.6281,0.2,0.7705
BE,policy,2018,7,1.0906,0.6242,0.6387,0.1,0.6574
BE,policy,2018,8,1.2538,0.6293,0.6225,0.1,0.6293
BE,policy,2018,9,1.4841,0.6339,0.6244,0.0,0.3613
BE,policy,2018,10,2.3183,0.6321,0.6199,0.0,0.5224
BE,policy,2019,1,0.1913,0.8463,0.8368,0.4,-1.3761
BE,policy,2019,2,0.4487,0.5666,0.6918,0.4,0.8221
BE,policy,2019,3,0.6212,0.7217,0.6725,0.3,0.5861
BE,policy,2019,4,0.7509,0.6667,0.6406,0.3,0.8035
BE,policy,2019,5,0.8552,0.6397,0.633,0.2,0.5572
BE,policy,2019,6,0.971,0.6236,0.6265,0.2,0.7741
BE,policy,2019,7,1.0906,0.6229,0.6367,0.1,0.6632
BE,policy,2019,8,1.2538,0.6285,0.6208,0.1,0.6242
BE,policy,2019,9,1.4841,0.6316,0.6228,0.0,0.37
BE,policy,2019,10,2.3183,0.6312,0.6186,0.0,0.5244
BE,policy,2020,1,0.1913,0.8595,0.8341,0.4,-1.3989
BE,policy,2020,2,0.4487,0.5637,0.6984,0.4,0.7816
BE,policy,2020,3,0.6212,0.7186,0.6757,0.3,0.5837
BE,policy,2020,4,0.7509,0.6651,0.6415,0.3,0.7974
BE,policy,2020,5,0.8552,0.6379,0.6332,0.2,0.5549
BE,policy,2020,6,0.971,0.6212,0.626,0.2,0.7723
BE,policy,2020,7,1.0906,0.6202,0.6369,0.1,0.6661
BE,policy,2020,8,1.2538,0.6261,0.6196,0.1,0.6267
BE,policy,2020,9,1.4841,0.6291,0.6214,0.0,0.377
BE,policy,2020,10,2.3183,0.6288,0.6165,0.0,0.5293
BE,policy,2021,1,0.1913,0.8655,0.8392,0.4,-1.4965
BE,policy,2021,2,0.4487,0.5751,0.7115,0.4,0.7244
BE,policy,2021,3,0.6212,0.7215,0.6862,0.3,0.5501
BE,policy,2021,4,0.7509,0.6673,0.6495,0.3,0.7971
BE,policy,2021,5,0.8552,0.6425,0.6401,0.2,0.5437
BE,policy,2021,6,0.971,0.6262,0.6323,0.2,0.7679
BE,policy,2021,7,1.0906,0.6256,0.643,0.1,0.6556
BE,policy,2021,8,1.2538,0.631,0.6255,0.1,0.6175
BE,policy,2021,9,1.4841,0.6339,0.6272,0.0,0.364
BE,policy,2021,10,2.3183,0.6335,0.6219,0.0,0.5195
BE,policy,2022,1,0.1913,0.8377,0.8283,0.4,-1.2004
BE,policy,2022,2,0.4487,0.587,0.7159,0.4,0.7185
BE,policy,2022,3,0.6212,0.7272,0.6907,0.3,0.5027
BE,policy,2022,4,0.7509,0.666,0.6496,0.3,0.7856
BE,policy,2022,5,0.8552,0.6397,0.6396,0.2,0.5186
BE,policy,2022,6,0.971,0.6186,0.6309,0.2,0.7715
BE,policy,2022,7,1.0906,0.6189,0.6425,0.1,0.6629
BE,policy,2022,8,1.2538,0.6248,0.6221,0.1,0.6132
BE,policy,2022,9,1.4841,0.6249,0.6231,0.0,0.3877
BE,policy,2022,10,2.3183,0.6244,0.615,0.0,0.538
BE,policy,2023,1,0.1913,0.8325,0.8263,0.4,-1.1676
BE,policy,2023,2,0.4487,0.5736,0.7178,0.4,0.6866
BE,policy,2023,3,0.6212,0.7198,0.6898,0.3,0.5197
BE,policy,2023,4,0.7509,0.6619,0.6464,0.3,0.7834
BE,policy,2023,5,0.8552,0.6348,0.6355,0.2,0.5265
BE,policy,2023,6,0.971,0.6134,0.6263,0.2,0.767
BE,policy,2023,7,1.0906,0.6122,0.6383,0.1,0.6778
BE,policy,2023,8,1.2538,0.6195,0.6171,0.1,0.626
BE,policy,2023,9,1.4841,0.6206,0.6182,0.0,0.3996
BE,policy,2023,10,2.3183,0.6206,0.6102,0.0,0.5454
BE,policy,2024,1,0.1913,0.8311,0.8059,0.4,-0.8924
BE,policy,2024,2,0.4487,0.6011,0.7094,0.4,0.8752
BE,policy,2024,3,0.6212,0.753,0.6888,0.3,0.4214
BE,policy,2024,4,0.7509,0.6757,0.6478,0.3,0.6954
BE,policy,2024,5,0.8552,0.633,0.6375,0.2,0.534
BE,policy,2024,6,0.971,0.6133,0.628,0.2,0.7621
BE,policy,2024,7,1.0906,0.6117,0.6407,0.1,0.6665
BE,policy,2024,8,1.2538,0.6172,0.6176,0.1,0.6371
BE,policy,2024,9,1.4841,0.6205,0.6187,0.0,0.4003
BE,policy,2024,10,2.3183,0.6206,0.6099,0.0,0.5453
BE,policy,2025,1,0.1913,0.8075,0.7963,0.4,-0.7293
BE,policy,2025,2,0.4487,0.5953,0.6981,0.4,0.9926
BE,policy,2025,3,0.6212,0.7626,0.6802,0.3,0.4984
BE,policy,2025,4,0.7509,0.6949,0.643,0.3,0.6174
BE,policy,2025,5,0.8552,0.6366,0.6348,0.2,0.5073
BE,policy,2025,6,0.971,0.6117,0.6259,0.2,0.7614
BE,policy,2025,7,1.0906,0.6096,0.6391,0.1,0.6751
BE,policy,2025,8,1.2538,0.6162,0.6155,0.1,0.6381
BE,policy,2025,9,1.4841,0.6192,0.6166,0.0,0.4043
BE,policy,2025,10,2.3183,0.6197,0.6081,0.0,0.5472
BE,policy,2026,1,0.1913,0.8066,0.7949,0.4,-0.7205
BE,policy,2026,2,0.4487,0.5883,0.6931,0.4,1.0592
BE,policy,2026,3,0.6212,0.7683,0.6751,0.3,0.5496
BE,policy,2026,4,0.7509,0.7065,0.6403,0.3,0.5929
BE,policy,2026,5,0.8552,0.6434,0.6336,0.2,0.4607
BE,policy,2026,6,0.971,0.6107,0.6255,0.2,0.7625
BE,policy,2026,7,1.0906,0.6087,0.6386,0.1,0.6796
BE,policy,2026,8,1.2538,0.616,0.6152,0.1,0.6392
BE,policy,2026,9,1.4841,0.6192,0.6163,0.0,0.4043
BE,policy,2026,10,2.3183,0.6197,0.6079,0.0,0.5472
DK,policy,2009,1,0.3724,0.6524,0.866,0.4,-0.9485
DK,policy,2009,2,0.6073,0.7599,0.8263,0.4,-0.3714
DK,policy,2009,3,0.7192,0.6783,0.7701,0.3,0.4866
DK,policy,2009,4,0.7952,0.6367,0.7228,0.3,0.6771
DK,policy,2009,5,0.8622,0.6437,0.707,0.2,0.7825
DK,policy,2009,6,0.9312,0.6545,0.6934,0.2,0.2507
DK,policy,2009,7,1.0197,0.6626,0.68,0.1,0.3756
DK,policy,2009,8,1.1547,0.6936,0.6583,0.1,0.6215
DK,policy,2009,9,1.3707,0.7177,0.6484,0.0,0.0665
DK,policy,2009,10,2.1554,0.7201,0.6746,0.0,0.2932
DK,policy,2010,1,0.3724,0.6417,0.8642,0.4,-0.916
DK,policy,2010,2,0.6073,0.7564,0.8237,0.4,-0.3344
DK,policy,2010,3,0.7192,0.6761,0.7664,0.3,0.4557
DK,policy,2010,4,0.7952,0.6284,0.718,0.3,0.4822
DK,policy,2010,5,0.8622,0.6136,0.7017,0.2,0.6105
DK,policy,2010,6,0.9312,0.6084,0.686,0.2,0.319
DK,policy,2010,7,1.0197,0.6169,0.6694,0.1,0.4079
DK,policy,2010,8,1.1547,0.6419,0.6429,0.1,0.6445
DK,policy,2010,9,1.3707,0.6636,0.6263,0.0,0.2893
DK,policy,2010,10,2.1554,0.6719,0.6426,0.0,0.4375
DK,policy,2011,1,0.3724,0.6428,0.8628,0.4,-0.8994
DK,policy,2011,2,0.6073,0.7538,0.8223,0.4,-0.3336
DK,policy,2011,3,0.7192,0.6715,0.7647,0.3,0.4794
DK,policy,2011,4,0.7952,0.6266,0.7161,0.3,0.5177
DK,policy,2011,5,0.8622,0.6153,0.6999,0.2,0.543
DK,policy,2011,6,0.9312,0.6019,0.684,0.2,0.3183
DK,policy,2011,7,1.0197,0.609,0.6669,0.1,0.4634
DK,policy,2011,8,1.1547,0.6406,0.6398,0.1,0.6028
DK,policy,2011,9,1.3707,0.6547,0.6231,0.0,0.3334
DK,policy,2011,10,2.1554,0.6702,0.6396,0.0,0.4418
DK,policy,2012,1,0.3724,0.64,0.8638,0.4,-0.9027
DK,policy,2012,2,0.6073,0.7575,0.8225,0.4,-0.3326
DK,policy,2012,3,0.7192,0.6746,0.7651,0.3,0.4386
DK,policy,2012,4,0.7952,0.624,0.7164,0.3,0.5371
DK,policy,2012,5,0.8622,0.6154,0.7001,0.2,0.6103
DK,policy,2012,6,0.9312,0.6097,0.6844,0.2,0.3321
DK,policy,2012,7,1.0197,0.6197,0.6677,0.1,0.3882
DK,policy,2012,8,1.1547,0.642,0.6407,0.1,0.6033
DK,policy,2012,9,1.3707,0.6564,0.624,0.0,0.3242
DK,policy,2012,10,2.1554,0.6702,0.6404,0.0,0.4419
DK,policy,2013,1,0.3724,0.6328,0.8604,0.4,-0.8437
DK,policy,2013,2,0.6073,0.753,0.8176,0.4,-0.2455
DK,policy,2013,3,0.7192,0.6759,0.7605,0.3,0.4782
DK,policy,2013,4,0.7952,0.627,0.7121,0.3,0.576
DK,policy,2013,5,0.8622,0.6207,0.6963,0.2,0.4764
DK,policy,2013,6,0.9312,0.5987,0.6809,0.2,0.3634
DK,policy,2013,7,1.0197,0.6106,0.6637,0.1,0.4077
DK,policy,2013,8,1.1547,0.6332,0.6362,0.1,0.6484
DK,policy,2013,9,1.3707,0.6538,0.6189,0.0,0.3379
DK,policy,2013,10,2.1554,0.67,0.6368,0.0,0.4424
DK,policy,2014,1,0.3724,0.603,0.8536,0.4,-0.6744
DK,policy,2014,2,0.6073,0.7565,0.8009,0.4,-0.0017
DK,policy,2014,3,0.7192,0.6878,0.7503,0.3,0.6254
DK,policy,2014,4,0.7952,0.6484,0.7061,0.3,0.579
DK,policy,2014,5,0.8622,0.6372,0.6924,0.2,0.4607
DK,policy,2014,6,0.9312,0.6135,0.6787,0.2,0.2261
DK,policy,2014,7,1.0197,0.6089,0.6617,0.1,0.3821
DK,policy,2014,8,1.1547,0.6265,0.6335,0.1,0.6704
DK,policy,2014,9,1.3707,0.6499,0.6151,0.0,0.3707
DK,policy,2014,10,2.1554,0.675,0.6344,0.0,0.4294
DK,policy,2015,1,0.3724,0.5994,0.8578,0.4,-0.7481
DK,policy,2015,2,0.6073,0.7577,0.8035,0.4,0.0135
DK,policy,2015,3,0.7192,0.6948,0.7534,0.3,0.645
DK,policy,2015,4,0.7952,0.6577,0.7092,0.3,0.5651
DK,policy,2015,5,0.8622,0.6452,0.6958,0.2,0.4553
DK,policy,2015,6,0.9312,0.6222,0.6822,0.2,0.1045
DK,policy,2015,7,1.0197,0.6043,0.6653,0.1,0.4287
DK,policy,2015,8,1.1547,0.6291,0.636,0.1,0.6489
DK,policy,2015,9,1.3707,0.6492,0.6168,0.0,0.3791
DK,policy,2015,10,2.1554,0.677,0.6361,0.0,0.4243
DK,policy,2016,1,0.3724,0.5991,0.8581,0.4,-0.7701
DK,policy,2016,2,0.6073,0.7542,0.8035,0.4,0.0249
DK,policy,2016,3,0.7192,0.6943,0.7533,0.3,0.6448
DK,policy,2016,4,0.7952,0.6573,0.7091,0.3,0.5828
DK,policy,2016,5,0.8622,0.6464,0.6956,0.2,0.4472
DK,policy,2016,6,0.9312,0.6227,0.6821,0.2,0.0365
DK,policy,2016,7,1.0197,0.5954,0.6652,0.1,0.4967
DK,policy,2016,8,1.1547,0.6297,0.6353,0.1,0.6249
DK,policy,2016,9,1.3707,0.6455,0.6157,0.0,0.3968
DK,policy,2016,10,2.1554,0.6765,0.635,0.0,0.4255
DK,policy,2017,1,0.3724,0.5998,0.8584,0.4,-0.7855
DK,policy,2017,2,0.6073,0.7522,0.8037,0.4,0.0361
DK,policy,2017,3,0.7192,0.6948,0.7536,0.3,0.646
DK,policy,2017,4,0.7952,0.658,0.7095,0.3,0.5992
DK,policy,2017,5,0.8622,0.6489,0.6961,0.2,0.4181
DK,policy,2017,6,0.9312,0.6223,0.6826,0.2,0.0049
DK,policy,2017,7,1.0197,0.5905,0.6659,0.1,0.5262
DK,policy,2017,8,1.1547,0.6291,0.6355,0.1,0.6137
DK,policy,2017,9,1.3707,0.6428,0.6158,0.0,0.4125
DK,policy,2017,10,2.1554,0.6773,0.635,0.0,0.4234
DK,policy,2018,1,0.3724,0.5975,0.8564,0.4,-0.7262
DK,policy,2018,2,0.6073,0.7561,0.8008,0.4,0.0435
DK,policy,2018,3,0.7192,0.694,0.7508,0.3,0.6605
DK,policy,2018,4,0.7952,0.6575,0.707,0.3,0.592
DK,policy,2018,5,0.8622,0.6468,0.6935,0.2,0.4396
DK,policy,2018,6,0.9312,0.6218,0.68,0.2,0.0029
DK,policy,2018,7,1.0197,0.5887,0.6632,0.1,0.4767
DK,policy,2018,8,1.1547,0.618,0.6327,0.1,0.6589
DK,policy,2018,9,1.3707,0.6383,0.6128,0.0,0.4351
DK,policy,2018,10,2.1554,0.6775,0.6327,0.0,0.4231
DK,policy,2019,1,0.3724,0.5948,0.8541,0.4,-0.6583
DK,policy,2019,2,0.6073,0.7615,0.7984,0.4,0.0349
DK,policy,2019,3,0.7192,0.6928,0.748,0.3,0.6121
DK,policy,2019,4,0.7952,0.6495,0.704,0.3,0.5357
DK,policy,2019,5,0.8622,0.6329,0.6903,0.2,0.5057
DK,policy,2019,6,0.9312,0.6134,0.6766,0.2,0.0722
DK,policy,2019,7,1.0197,0.5865,0.6595,0.1,0.4546
DK,policy,2019,8,1.1547,0.6106,0.6291,0.1,0.6958
DK,policy,2019,9,1.3707,0.6367,0.6095,0.0,0.4392
DK,policy,2019,10,2.1554,0.6762,0.63,0.0,0.4264
DK,policy,2020,1,0.3724,0.5976,0.8536,0.4,-0.6425
DK,policy,2020,2,0.6073,0.7632,0.7983,0.4,0.0423
DK,policy,2020,3,0.7192,0.6948,0.7485,0.3,0.5926
DK,policy,2020,4,0.7952,0.6491,0.7051,0.3,0.5276
DK,policy,2020,5,0.8622,0.632,0.6915,0.2,0.5203
DK,policy,2020,6,0.9312,0.6144,0.6778,0.2,0.0763
DK,policy,2020,7,1.0197,0.5888,0.6609,0.1,0.4183
DK,policy,2020,8,1.1547,0.607,0.6307,0.1,0.7298
DK,policy,2020,9,1.3707,0.6396,0.611,0.0,0.4324
DK,policy,2020,10,2.1554,0.679,0.6316,0.0,0.4189
DK,policy,2021,1,0.3724,0.7503,0.8163,0.4,-0.161
DK,policy,2021,2,0.6073,0.7789,0.7956,0.4,-0.0115
DK,policy,2021,3,0.7192,0.6945,0.7473,0.3,0.5599
DK,policy,2021,4,0.7952,0.6443,0.7038,0.3,0.491
DK,policy,2021,5,0.8622,0.6232,0.6901,0.2,0.5341
DK,policy,2021,6,0.9312,0.6064,0.6762,0.2,0.1496
DK,policy,2021,7,1.0197,0.5888,0.6592,0.1,0.3956
DK,policy,2021,8,1.1547,0.6023,0.6293,0.1,0.7545
DK,policy,2021,9,1.3707,0.6393,0.6099,0.0,0.4335
DK,policy,2021,10,2.1554,0.6787,0.6308,0.0,0.4197
DK,policy,2022,1,0.3724,0.7504,0.8149,0.4,-0.2431
DK,policy,2022,2,0.6073,0.7587,0.7943,0.4,-0.0242
DK,policy,2022,3,0.7192,0.6754,0.7449,0.3,0.6124
DK,policy,2022,4,0.7952,0.6341,0.7009,0.3,0.5352
DK,policy,2022,5,0.8622,0.6178,0.6867,0.2,0.4331
DK,policy,2022,6,0.9312,0.588,0.6727,0.2,0.2271
DK,policy,2022,7,1.0197,0.5762,0.6555,0.1,0.5244
DK,policy,2022,8,1.1547,0.6104,0.6269,0.1,0.7247
DK,policy,2022,9,1.3707,0.6416,0.6092,0.0,0.4239
DK,policy,2022,10,2.1554,0.6796,0.6312,0.0,0.4175
DK,policy,2023,1,0.3724,0.7464,0.8109,0.4,-0.2084
DK,policy,2023,2,0.6073,0.7549,0.7907,0.4,-0.0172
DK,policy,2023,3,0.7192,0.6682,0.7401,0.3,0.7264
DK,policy,2023,4,0.7952,0.6403,0.6953,0.3,0.3961
DK,policy,2023,5,0.8622,0.6049,0.6809,0.2,0.4962
DK,policy,2023,6,0.9312,0.5805,0.6661,0.2,0.2533
DK,policy,2023,7,1.0197,0.5692,0.6484,0.1,0.5745
DK,policy,2023,8,1.1547,0.6104,0.6205,0.1,0.713
DK,policy,2023,9,1.3707,0.6386,0.6027,0.0,0.4258
DK,policy,2023,10,2.1554,0.6745,0.6253,0.0,0.4309
DK,policy,2024,1,0.3724,0.7501,0.8126,0.4,-0.2326
DK,policy,2024,2,0.6073,0.7549,0.7905,0.4,-0.0804
DK,policy,2024,3,0.7192,0.6567,0.7391,0.3,0.5953
DK,policy,2024,4,0.7952,0.6138,0.6947,0.3,0.508
DK,policy,2024,5,0.8622,0.5936,0.6803,0.2,0.65
DK,policy,2024,6,0.9312,0.5884,0.6655,0.2,0.3462
DK,policy,2024,7,1.0197,0.5926,0.6484,0.1,0.4484
DK,policy,2024,8,1.1547,0.6155,0.6224,0.1,0.7475
DK,policy,2024,9,1.3707,0.6505,0.6068,0.0,0.3738
DK,policy,2024,10,2.1554,0.6776,0.6297,0.0,0.4227
DK,policy,2025,1,0.3724,0.7458,0.8091,0.4,-0.1952
DK,policy,2025,2,0.6073,0.7529,0.7867,0.4,-0.0225
DK,policy,2025,3,0.7192,0.6595,0.7351,0.3,0.5841
DK,policy,2025,4,0.7952,0.612,0.6911,0.3,0.5634
DK,policy,2025,5,0.8622,0.5976,0.6769,0.2,0.6048
DK,policy,2025,6,0.9312,0.5858,0.6622,0.2,0.2796
DK,policy,2025,7,1.0197,0.5788,0.6452,0.1,0.5375
DK,policy,2025,8,1.1547,0.6143,0.6186,0.1,0.7289
DK,policy,2025,9,1.3707,0.6455,0.6031,0.0,0.3976
DK,policy,2025,10,2.1554,0.6768,0.6267,0.0,0.4248
DK,policy,2026,1,0.3724,0.8275,0.5567,0.4,0.6561
DK,policy,2026,2,0.6073,0.7102,0.6796,0.4,0.424
DK,policy,2026,3,0.7192,0.5859,0.658,0.3,0.93
DK,policy,2026,4,0.7952,0.5735,0.63,0.3,0.7676
DK,policy,2026,5,0.8622,0.5704,0.6208,0.2,0.7439
DK,policy,2026,6,0.9312,0.5655,0.6116,0.2,0.4169
DK,policy,2026,7,1.0197,0.564,0.6013,0.1,0.4869
DK,policy,2026,8,1.1547,0.5798,0.5862,0.1,0.7738
DK,policy,2026,9,1.3707,0.6141,0.5777,0.0,0.5357
DK,policy,2026,10,2.1554,0.6739,0.6051,0.0,0.4325
FI,policy,2009,1,0.4985,0.5701,0.6749,0.4,0.7059
FI,policy,2009,2,0.639,0.5955,0.6508,0.4,1.0868
FI,policy,2009,3,0.7131,0.6089,0.6332,0.3,0.9428
FI,policy,2009,4,0.778,0.622,0.6284,0.3,0.7206
FI,policy,2009,5,0.8437,0.6293,0.6224,0.2,0.595
FI,policy,2009,6,0.9201,0.6363,0.613,0.2,0.4124
FI,policy,2009,7,1.0196,0.6427,0.6004,0.1,0.5015
FI,policy,2009,8,1.1635,0.6485,0.6022,0.1,0.6105
FI,policy,2009,9,1.3681,0.6524,0.6053,0.0,0.4122
FI,policy,2009,10,2.0545,0.6901,0.622,0.0,0.3335
FI,policy,2010,1,0.4985,0.571,0.6715,0.4,0.727
FI,policy,2010,2,0.639,0.5988,0.6482,0.4,1.1158
FI,policy,2010,3,0.7131,0.6135,0.6313,0.3,0.9343
FI,policy,2010,4,0.778,0.624,0.6268,0.3,0.7513
FI,policy,2010,5,0.8437,0.6339,0.6213,0.2,0.5866
FI,policy,2010,6,0.9201,0.64,0.6124,0.2,0.409
FI,policy,2010,7,1.0196,0.6464,0.6005,0.1,0.4956
FI,policy,2010,8,1.1635,0.6521,0.6028,0.1,0.6063
FI,policy,2010,9,1.3681,0.656,0.6063,0.0,0.4021
FI,policy,2010,10,2.0545,0.6932,0.6237,0.0,0.3237
FI,policy,2011,1,0.4985,0.5781,0.6733,0.4,0.7364
FI,policy,2011,2,0.639,0.6057,0.6508,0.4,1.1315
FI,policy,2011,3,0.7131,0.6202,0.6348,0.3,0.9232
FI,policy,2011,4,0.778,0.6288,0.6307,0.3,0.7669
FI,policy,2011,5,0.8437,0.6405,0.6255,0.2,0.5805
FI,policy,2011,6,0.9201,0.6468,0.6172,0.2,0.3946
FI,policy,2011,7,1.0196,0.6532,0.606,0.1,0.4798
FI,policy,2011,8,1.1635,0.6586,0.6085,0.1,0.5953
FI,policy,2011,9,1.3681,0.6624,0.6122,0.0,0.3849
FI,policy,2011,10,2.0545,0.6993,0.6297,0.0,0.3039
FI,policy,2012,1,0.4985,0.5879,0.6846,0.4,0.7082
FI,policy,2012,2,0.639,0.6128,0.662,0.4,1.0915
FI,policy,2012,3,0.7131,0.623,0.644,0.3,0.8915
FI,policy,2012,4,0.778,0.6298,0.6395,0.3,0.7348
FI,policy,2012,5,0.8437,0.6402,0.6332,0.2,0.5834
FI,policy,2012,6,0.9201,0.6479,0.6236,0.2,0.3916
FI,policy,2012,7,1.0196,0.6551,0.6107,0.1,0.4752
FI,policy,2012,8,1.1635,0.6607,0.6127,0.1,0.5901
FI,policy,2012,9,1.3681,0.6645,0.6157,0.0,0.3808
FI,policy,2012,10,2.0545,0.7018,0.6319,0.0,0.2957
FI,policy,2013,1,0.4985,0.6003,0.6941,0.4,0.669
FI,policy,2013,2,0.639,0.6154,0.6715,0.4,1.0716
FI,policy,2013,3,0.7131,0.6263,0.6528,0.3,0.923
FI,policy,2013,4,0.778,0.6382,0.6479,0.3,0.6948
FI,policy,2013,5,0.8437,0.6456,0.6414,0.2,0.5623
FI,policy,2013,6,0.9201,0.6526,0.6313,0.2,0.3639
FI,policy,2013,7,1.0196,0.6585,0.6179,0.1,0.4557
FI,policy,2013,8,1.1635,0.6628,0.6194,0.1,0.5832
FI,policy,2013,9,1.3681,0.6666,0.6217,0.0,0.3812
FI,policy,2013,10,2.0545,0.7056,0.6374,0.0,0.2826
FI,policy,2014,1,0.4985,0.6047,0.6957,0.4,0.6694
FI,policy,2014,2,0.639,0.6187,0.6734,0.4,1.0805
FI,policy,2014,3,0.7131,0.63,0.6548,0.3,0.9034
FI,policy,2014,4,0.778,0.6394,0.6499,0.3,0.7028
FI,policy,2014,5,0.8437,0.648,0.6433,0.2,0.5645
FI,policy,2014,6,0.9201,0.6555,0.6333,0.2,0.363
FI,policy,2014,7,1.0196,0.6621,0.6199,0.1,0.4484
FI,policy,2014,8,1.1635,0.6664,0.6215,0.1,0.5777
FI,policy,2014,9,1.3681,0.6702,0.624,0.0,0.3701
FI,policy,2014,10,2.0545,0.7086,0.6396,0.0,0.2721
FI,policy,2015,1,0.4985,0.6118,0.6959,0.4,0.6686
FI,policy,2015,2,0.639,0.6202,0.674,0.4,1.094
FI,policy,2015,3,0.7131,0.6329,0.6552,0.3,0.889
FI,policy,2015,4,0.778,0.6402,0.6505,0.3,0.7169
FI,policy,2015,5,0.8437,0.6501,0.6439,0.2,0.5568
FI,policy,2015,6,0.9201,0.6571,0.6339,0.2,0.3633
FI,policy,2015,7,1.0196,0.6639,0.6205,0.1,0.4444
FI,policy,2015,8,1.1635,0.6682,0.6222,0.1,0.5694
FI,policy,2015,9,1.3681,0.6711,0.6247,0.0,0.3766
FI,policy,2015,10,2.0545,0.7121,0.641,0.0,0.2598
FI,policy,2016,1,0.4985,0.6074,0.6937,0.4,0.7025
FI,policy,2016,2,0.639,0.6269,0.6729,0.4,1.1222
FI,policy,2016,3,0.7131,0.6392,0.6552,0.3,0.8832
FI,policy,2016,4,0.778,0.6445,0.6511,0.3,0.7437
FI,policy,2016,5,0.8437,0.6565,0.645,0.2,0.5475
FI,policy,2016,6,0.9201,0.6628,0.6356,0.2,0.3582
FI,policy,2016,7,1.0196,0.6702,0.6231,0.1,0.4357
FI,policy,2016,8,1.1635,0.675,0.6254,0.1,0.5599
FI,policy,2016,9,1.3681,0.678,0.6285,0.0,0.3744
FI,policy,2016,10,2.0545,0.7231,0.6469,0.0,0.2185
FI,policy,2017,1,0.4985,0.5977,0.6852,0.4,0.7021
FI,policy,2017,2,0.639,0.6137,0.6636,0.4,1.1178
FI,policy,2017,3,0.7131,0.6281,0.6455,0.3,0.8869
FI,policy,2017,4,0.778,0.6336,0.6415,0.3,0.755
FI,policy,2017,5,0.8437,0.6459,0.6352,0.2,0.5704
FI,policy,2017,6,0.9201,0.6528,0.6259,0.2,0.3889
FI,policy,2017,7,1.0196,0.6606,0.6133,0.1,0.4771
FI,policy,2017,8,1.1635,0.668,0.6158,0.1,0.5789
FI,policy,2017,9,1.3681,0.6716,0.6193,0.0,0.3832
FI,policy,2017,10,2.0545,0.7147,0.6375,0.0,0.2501
FI,policy,2018,1,0.4985,0.5997,0.6828,0.4,0.706
FI,policy,2018,2,0.639,0.6122,0.6616,0.4,1.1188
FI,policy,2018,3,0.7131,0.6266,0.6436,0.3,0.882
FI,policy,2018,4,0.778,0.6313,0.6398,0.3,0.7694
FI,policy,2018,5,0.8437,0.645,0.6337,0.2,0.5786
FI,policy,2018,6,0.9201,0.6524,0.6245,0.2,0.3947
FI,policy,2018,7,1.0196,0.6607,0.6121,0.1,0.4743
FI,policy,2018,8,1.1635,0.6675,0.6147,0.1,0.5806
FI,policy,2018,9,1.3681,0.6713,0.6183,0.0,0.3836
FI,policy,2018,10,2.0545,0.7142,0.6368,0.0,0.2519
FI,policy,2019,1,0.4985,0.5982,0.6776,0.4,0.7165
FI,policy,2019,2,0.639,0.6085,0.657,0.4,1.1223
FI,policy,2019,3,0.7131,0.6231,0.6393,0.3,0.8947
FI,policy,2019,4,0.778,0.6289,0.6359,0.3,0.768
FI,policy,2019,5,0.8437,0.6419,0.6299,0.2,0.5972
FI,policy,2019,6,0.9201,0.6506,0.6207,0.2,0.3863
FI,policy,2019,7,1.0196,0.6571,0.6084,0.1,0.4809
FI,policy,2019,8,1.1635,0.6637,0.6112,0.1,0.6011
FI,policy,2019,9,1.3681,0.6697,0.6149,0.0,0.3869
FI,policy,2019,10,2.0545,0.7125,0.6339,0.0,0.2584
FI,policy,2020,1,0.4985,0.5901,0.663,0.4,0.7778
FI,policy,2020,2,0.639,0.6094,0.6439,0.4,1.1643
FI,policy,2020,3,0.7131,0.6234,0.6271,0.3,0.8781
FI,policy,2020,4,0.778,0.624,0.6244,0.3,0.7698
FI,policy,2020,5,0.8437,0.6353,0.619,0.2,0.6175
FI,policy,2020,6,0.9201,0.6444,0.6103,0.2,0.4116
FI,policy,2020,7,1.0196,0.6513,0.5986,0.1,0.5071
FI,policy,2020,8,1.1635,0.6596,0.6019,0.1,0.6022
FI,policy,2020,9,1.3681,0.6641,0.6062,0.0,0.4065
FI,policy,2020,10,2.0545,0.7085,0.6268,0.0,0.2727
FI,policy,2021,1,0.4985,0.5962,0.6697,0.4,0.7844
FI,policy,2021,2,0.639,0.6206,0.6518,0.4,1.1799
FI,policy,2021,3,0.7131,0.6342,0.6361,0.3,0.8858
FI,policy,2021,4,0.778,0.6359,0.6338,0.3,0.7725
FI,policy,2021,5,0.8437,0.6479,0.6288,0.2,0.5895
FI,policy,2021,6,0.9201,0.6557,0.6208,0.2,0.3813
FI,policy,2021,7,1.0196,0.6624,0.6098,0.1,0.4818
FI,policy,2021,8,1.1635,0.6704,0.6132,0.1,0.583
FI,policy,2021,9,1.3681,0.6748,0.6177,0.0,0.373
FI,policy,2021,10,2.0545,0.7174,0.6379,0.0,0.2402
FI,policy,2022,1,0.4985,0.5867,0.6657,0.4,0.7982
FI,policy,2022,2,0.639,0.6185,0.6478,0.4,1.1854
FI,policy,2022,3,0.7131,0.6322,0.6323,0.3,0.8833
FI,policy,2022,4,0.778,0.6331,0.6301,0.3,0.7859
FI,policy,2022,5,0.8437,0.646,0.6253,0.2,0.587
FI,policy,2022,6,0.9201,0.653,0.6174,0.2,0.3904
FI,policy,2022,7,1.0196,0.6598,0.6065,0.1,0.4884
FI,policy,2022,8,1.1635,0.6678,0.61,0.1,0.5876
FI,policy,2022,9,1.3681,0.6723,0.6146,0.0,0.3766
FI,policy,2022,10,2.0545,0.714,0.635,0.0,0.2529
FI,policy,2023,1,0.4985,0.5915,0.6691,0.4,0.7876
FI,policy,2023,2,0.639,0.6201,0.6497,0.4,1.1633
FI,policy,2023,3,0.7131,0.6306,0.632,0.3,0.9426
FI,policy,2023,4,0.778,0.6383,0.63,0.3,0.6738
FI,policy,2023,5,0.8437,0.6396,0.6245,0.2,0.6805
FI,policy,2023,6,0.9201,0.6558,0.6155,0.2,0.3765
FI,policy,2023,7,1.0196,0.6611,0.6035,0.1,0.4819
FI,policy,2023,8,1.1635,0.6683,0.6074,0.1,0.6308
FI,policy,2023,9,1.3681,0.6793,0.6123,0.0,0.302
FI,policy,2023,10,2.0545,0.7057,0.6334,0.0,0.2824
FI,policy,2024,1,0.4985,0.5808,0.6658,0.4,0.7506
FI,policy,2024,2,0.639,0.6017,0.6443,0.4,1.178
FI,policy,2024,3,0.7131,0.6223,0.6257,0.3,0.9014
FI,policy,2024,4,0.778,0.6255,0.6229,0.3,0.7163
FI,policy,2024,5,0.8437,0.6308,0.6169,0.2,0.6965
FI,policy,2024,6,0.9201,0.6478,0.607,0.2,0.4033
FI,policy,2024,7,1.0196,0.6537,0.5941,0.1,0.4963
FI,policy,2024,8,1.1635,0.6605,0.5977,0.1,0.6346
FI,policy,2024,9,1.3681,0.6701,0.6026,0.0,0.3099
FI,policy,2024,10,2.0545,0.6904,0.6224,0.0,0.3327
FI,policy,2025,1,0.4985,0.5789,0.6598,0.4,0.8006
FI,policy,2025,2,0.639,0.6111,0.6409,0.4,1.21
FI,policy,2025,3,0.7131,0.6294,0.624,0.3,0.9547
FI,policy,2025,4,0.778,0.6368,0.6223,0.3,0.822
FI,policy,2025,5,0.8437,0.651,0.6177,0.2,0.6247
FI,policy,2025,6,0.9201,0.6608,0.6097,0.2,0.4122
FI,policy,2025,7,1.0196,0.6698,0.5986,0.1,0.4692
FI,policy,2025,8,1.1635,0.6767,0.6039,0.1,0.5882
FI,policy,2025,9,1.3681,0.6822,0.6103,0.0,0.2257
FI,policy,2025,10,2.0545,0.6881,0.6283,0.0,0.3398
FI,policy,2026,1,0.4985,0.553,0.65,0.4,0.828
FI,policy,2026,2,0.639,0.6046,0.6307,0.4,1.2322
FI,policy,2026,3,0.7131,0.6254,0.615,0.3,0.9795
FI,policy,2026,4,0.778,0.6344,0.614,0.3,0.873
FI,policy,2026,5,0.8437,0.6522,0.61,0.2,0.6295
FI,policy,2026,6,0.9201,0.6615,0.6032,0.2,0.426
FI,policy,2026,7,1.0196,0.6711,0.5934,0.1,0.4664
FI,policy,2026,8,1.1635,0.6776,0.5995,0.1,0.5816
FI,policy,2026,9,1.3681,0.6818,0.6068,0.0,0.2096
FI,policy,2026,10,2.0545,0.6818,0.6255,0.0,0.3588
FR,policy,2009,1,0.2812,0.6105,0.6065,0.4,0.7784
FR,policy,2009,2,0.4934,0.7026,0.604,0.4,1.0862
FR,policy,2009,3,0.617,0.7151,0.6205,0.3,1.0446
FR,policy,2009,4,0.6993,0.6776,0.6338,0.3,0.6344
FR,policy,2009,5,0.7783,0.6604,0.6316,0.2,0.2775
FR,policy,2009,6,0.8734,0.6277,0.6301,0.2,0.4083
FR,policy,2009,7,0.9869,0.5994,0.6284,0.1,0.4943
FR,policy,2009,8,1.1575,0.5863,0.6205,0.1,0.6217
FR,policy,2009,9,1.4617,0.6092,0.6099,0.0,0.6046
FR,policy,2009,10,2.6457,0.6118,0.6112,0.0,0.6479
FR,policy,2010,1,0.2812,0.6081,0.6081,0.4,0.7778
FR,policy,2010,2,0.4934,0.7033,0.605,0.4,1.0515
FR,policy,2010,3,0.617,0.7101,0.6214,0.3,1.0694
FR,policy,2010,4,0.6993,0.6771,0.6341,0.3,0.5776
FR,policy,2010,5,0.7783,0.6534,0.6314,0.2,0.2847
FR,policy,2010,6,0.8734,0.6196,0.6296,0.2,0.4149
FR,policy,2010,7,0.9869,0.5906,0.6275,0.1,0.5722
FR,policy,2010,8,1.1575,0.5937,0.6191,0.1,0.5639
FR,policy,2010,9,1.4617,0.5999,0.6074,0.0,0.6296
FR,policy,2010,10,2.6457,0.6093,0.6074,0.0,0.6515
FR,policy,2011,1,0.2812,0.6098,0.6098,0.4,0.7783
FR,policy,2011,2,0.4934,0.7056,0.6083,0.4,1.0264
FR,policy,2011,3,0.617,0.7083,0.6248,0.3,1.0988
FR,policy,2011,4,0.6993,0.6803,0.6369,0.3,0.5638
FR,policy,2011,5,0.7783,0.6556,0.6342,0.2,0.2867
FR,policy,2011,6,0.8734,0.6234,0.6323,0.2,0.4485
FR,policy,2011,7,0.9869,0.6022,0.6302,0.1,0.4974
FR,policy,2011,8,1.1575,0.5912,0.6222,0.1,0.5834
FR,policy,2011,9,1.4617,0.6036,0.611,0.0,0.6204
FR,policy,2011,10,2.6457,0.6107,0.6111,0.0,0.6495
FR,policy,2012,1,0.2812,0.6117,0.6116,0.4,0.7728
FR,policy,2012,2,0.4934,0.7057,0.6078,0.4,1.1207
FR,policy,2012,3,0.617,0.7235,0.6241,0.3,1.0312
FR,policy,2012,4,0.6993,0.6832,0.6384,0.3,0.6245
FR,policy,2012,5,0.7783,0.6659,0.6365,0.2,0.3037
FR,policy,2012,6,0.8734,0.6395,0.6353,0.2,0.3298
FR,policy,2012,7,0.9869,0.6013,0.6342,0.1,0.5171
FR,policy,2012,8,1.1575,0.5955,0.6261,0.1,0.5843
FR,policy,2012,9,1.4617,0.6105,0.6151,0.0,0.6055
FR,policy,2012,10,2.6457,0.615,0.6152,0.0,0.6431
FR,policy,2013,1,0.2812,0.6128,0.6126,0.4,0.7717
FR,policy,2013,2,0.4934,0.7066,0.6106,0.4,1.0884
FR,policy,2013,3,0.617,0.7199,0.6273,0.3,1.0631
FR,policy,2013,4,0.6993,0.6851,0.6408,0.3,0.6373
FR,policy,2013,5,0.7783,0.6697,0.6388,0.2,0.3015
FR,policy,2013,6,0.8734,0.6445,0.6375,0.2,0.3044
FR,policy,2013,7,0.9869,0.6038,0.6363,0.1,0.5512
FR,policy,2013,8,1.1575,0.6069,0.6289,0.1,0.5523
FR,policy,2013,9,1.4617,0.6164,0.6194,0.0,0.5957
FR,policy,2013,10,2.6457,0.621,0.6199,0.0,0.6338
FR,policy,2014,1,0.2812,0.6157,0.6155,0.4,0.8022
FR,policy,2014,2,0.4934,0.7207,0.6143,0.4,1.034
FR,policy,2014,3,0.617,0.7192,0.6316,0.3,1.0815
FR,policy,2014,4,0.6993,0.6878,0.6448,0.3,0.5801
FR,policy,2014,5,0.7783,0.667,0.6425,0.2,0.3512
FR,policy,2014,6,0.8734,0.6488,0.6414,0.2,0.3939
FR,policy,2014,7,0.9869,0.6255,0.641,0.1,0.4698
FR,policy,2014,8,1.1575,0.6179,0.6351,0.1,0.5234
FR,policy,2014,9,1.4617,0.6239,0.6267,0.0,0.5759
FR,policy,2014,10,2.6457,0.6244,0.626,0.0,0.6286
FR,policy,2015,1,0.2812,0.614,0.6148,0.4,0.7736
FR,policy,2015,2,0.4934,0.7097,0.6144,0.4,1.0034
FR,policy,2015,3,0.617,0.709,0.6314,0.3,1.1651
FR,policy,2015,4,0.6993,0.6902,0.6439,0.3,0.5627
FR,policy,2015,5,0.7783,0.6671,0.6425,0.2,0.3214
FR,policy,2015,6,0.8734,0.6449,0.642,0.2,0.4213
FR,policy,2015,7,0.9869,0.6255,0.6412,0.1,0.4645
FR,policy,2015,8,1.1575,0.6167,0.6354,0.1,0.5931
FR,policy,2015,9,1.4617,0.6421,0.6291,0.0,0.5137
FR,policy,2015,10,2.6457,0.626,0.631,0.0,0.626
FR,policy,2016,1,0.2812,0.5639,0.6112,0.4,0.8326
FR,policy,2016,2,0.4934,0.7166,0.6034,0.4,1.2011
FR,policy,2016,3,0.617,0.738,0.63,0.3,1.2884
FR,policy,2016,4,0.6993,0.7216,0.6459,0.3,0.3619
FR,policy,2016,5,0.7783,0.6793,0.6479,0.2,0.2708
FR,policy,2016,6,0.8734,0.6543,0.6492,0.2,0.3814
FR,policy,2016,7,0.9869,0.6321,0.6488,0.1,0.4257
FR,policy,2016,8,1.1575,0.6187,0.6428,0.1,0.5995
FR,policy,2016,9,1.4617,0.6477,0.6366,0.0,0.4976
FR,policy,2016,10,2.6457,0.6293,0.6374,0.0,0.6207
FR,policy,2017,1,0.2812,0.5683,0.6171,0.4,0.856
FR,policy,2017,2,0.4934,0.7302,0.6109,0.4,1.1309
FR,policy,2017,3,0.617,0.7367,0.6358,0.3,1.1556
FR,policy,2017,4,0.6993,0.7093,0.6513,0.3,0.6794
FR,policy,2017,5,0.7783,0.6988,0.6525,0.2,0.2719
FR,policy,2017,6,0.8734,0.6796,0.653,0.2,0.3138
FR,policy,2017,7,0.9869,0.6539,0.6524,0.1,0.2728
FR,policy,2017,8,1.1575,0.6184,0.6462,0.1,0.6081
FR,policy,2017,9,1.4617,0.6502,0.6392,0.0,0.4947
FR,policy,2017,10,2.6457,0.6335,0.6395,0.0,0.6138
FR,policy,2018,1,0.2812,0.5656,0.6204,0.4,0.8279
FR,policy,2018,2,0.4934,0.7237,0.6181,0.4,1.1921
FR,policy,2018,3,0.617,0.7448,0.6412,0.3,1.0804
FR,policy,2018,4,0.6993,0.7091,0.6561,0.3,0.4579
FR,policy,2018,5,0.7783,0.6782,0.6564,0.2,0.339
FR,policy,2018,6,0.8734,0.6635,0.6564,0.2,0.2437
FR,policy,2018,7,0.9869,0.6236,0.6555,0.1,0.4833
FR,policy,2018,8,1.1575,0.6208,0.6479,0.1,0.6151
FR,policy,2018,9,1.4617,0.6552,0.6403,0.0,0.4737
FR,policy,2018,10,2.6457,0.6327,0.6397,0.0,0.6151
FR,policy,2019,1,0.2812,0.467,0.583,0.4,0.9165
FR,policy,2019,2,0.4934,0.707,0.5669,0.4,1.3842
FR,policy,2019,3,0.617,0.7474,0.6075,0.3,1.0563
FR,policy,2019,4,0.6993,0.7013,0.6281,0.3,0.6388
FR,policy,2019,5,0.7783,0.6822,0.6326,0.2,0.2925
FR,policy,2019,6,0.8734,0.6578,0.6365,0.2,0.3641
FR,policy,2019,7,0.9869,0.6306,0.6412,0.1,0.9718
FR,policy,2019,8,1.1575,0.706,0.6415,0.1,0.25
FR,policy,2019,9,1.4617,0.6885,0.6437,0.0,0.3691
FR,policy,2019,10,2.6457,0.6577,0.6471,0.0,0.5707
FR,policy,2020,1,0.2812,0.5475,0.5692,0.4,0.8744
FR,policy,2020,2,0.4934,0.6917,0.5495,0.4,1.4937
FR,policy,2020,3,0.617,0.7518,0.5889,0.3,1.3259
FR,policy,2020,4,0.6993,0.7272,0.6174,0.3,0.5205
FR,policy,2020,5,0.7783,0.6948,0.6254,0.2,0.2361
FR,policy,2020,6,0.8734,0.6654,0.6319,0.2,0.4459
FR,policy,2020,7,0.9869,0.6508,0.6361,0.1,0.3593
FR,policy,2020,8,1.1575,0.6291,0.6399,0.1,0.5725
FR,policy,2020,9,1.4617,0.6529,0.6394,0.0,0.5241
FR,policy,2020,10,2.6457,0.656,0.644,0.0,0.5738
FR,policy,2021,1,0.2812,0.4566,0.5611,0.4,1.0124
FR,policy,2021,2,0.4934,0.7224,0.5482,0.4,1.5024
FR,policy,2021,3,0.617,0.7624,0.5946,0.3,1.2606
FR,policy,2021,4,0.6993,0.7302,0.6205,0.3,0.5347
FR,policy,2021,5,0.7783,0.6999,0.6289,0.2,0.227
FR,policy,2021,6,0.8734,0.6715,0.6354,0.2,0.8842
FR,policy,2021,7,0.9869,0.7088,0.6394,0.1,0.3163
FR,policy,2021,8,1.1575,0.7029,0.6426,0.1,0.2217
FR,policy,2021,9,1.4617,0.6776,0.6439,0.0,0.4365
FR,policy,2021,10,2.6457,0.6654,0.6487,0.0,0.5557
FR,policy,2022,1,0.2812,0.4742,0.5651,0.4,1.0004
FR,policy,2022,2,0.4934,0.7233,0.5517,0.4,1.6262
FR,policy,2022,3,0.617,0.7767,0.5976,0.3,1.1628
FR,policy,2022,4,0.6993,0.7337,0.6231,0.3,0.5974
FR,policy,2022,5,0.7783,0.7095,0.631,0.2,0.1349
FR,policy,2022,6,0.8734,0.6738,0.6366,0.2,0.5276
FR,policy,2022,7,0.9869,0.6719,0.6414,0.1,0.7121
FR,policy,2022,8,1.1575,0.7106,0.6432,0.1,0.1835
FR,policy,2022,9,1.4617,0.6826,0.6439,0.0,0.4087
FR,policy,2022,10,2.6457,0.6633,0.648,0.0,0.5599
FR,policy,2023,1,0.2812,0.4494,0.5598,0.4,0.9746
FR,policy,2023,2,0.4934,0.7075,0.5419,0.4,1.4753
FR,policy,2023,3,0.617,0.7527,0.5874,0.3,1.1412
FR,policy,2023,4,0.6993,0.7105,0.6139,0.3,0.6117
FR,policy,2023,5,0.7783,0.6856,0.6217,0.2,0.2704
FR,policy,2023,6,0.8734,0.6572,0.6273,0.2,1.1079
FR,policy,2023,7,0.9869,0.7178,0.6303,0.1,-0.0573
FR,policy,2023,8,1.1575,0.6606,0.6341,0.1,0.5093
FR,policy,2023,9,1.4617,0.6768,0.6354,0.0,0.4258
FR,policy,2023,10,2.6457,0.6581,0.6407,0.0,0.5698
FR,policy,2024,1,0.2812,0.4982,0.5603,0.4,0.9536
FR,policy,2024,2,0.4934,0.7066,0.5333,0.4,1.4858
FR,policy,2024,3,0.617,0.7518,0.5792,0.3,1.2742
FR,policy,2024,4,0.6993,0.721,0.608,0.3,0.57
FR,policy,2024,5,0.7783,0.6912,0.6175,0.2,0.2448
FR,policy,2024,6,0.8734,0.6604,0.624,0.2,0.5289
FR,policy,2024,7,0.9869,0.6551,0.6277,0.1,0.3107
FR,policy,2024,8,1.1575,0.6243,0.6325,0.1,0.5911
FR,policy,2024,9,1.4617,0.6503,0.6333,0.0,0.5274
FR,policy,2024,10,2.6457,0.6521,0.639,0.0,0.5811
FR,policy,2025,1,0.2812,0.5005,0.5613,0.4,0.923
FR,policy,2025,2,0.4934,0.6961,0.5351,0.4,1.5121
FR,policy,2025,3,0.617,0.752,0.5796,0.3,1.2465
FR,policy,2025,4,0.6993,0.7188,0.6082,0.3,0.5741
FR,policy,2025,5,0.7783,0.6892,0.6173,0.2,0.2898
FR,policy,2025,6,0.8734,0.6635,0.6244,0.2,1.0427
FR,policy,2025,7,0.9869,0.716,0.6322,0.1,-0.1794
FR,policy,2025,8,1.1575,0.6351,0.6354,0.1,0.4998
FR,policy,2025,9,1.4617,0.641,0.6363,0.0,0.5695
FR,policy,2025,10,2.6457,0.6558,0.6389,0.0,0.5742
FR,policy,2026,1,0.2812,0.4647,0.5717,0.4,0.8511
FR,policy,2026,2,0.4934,0.6689,0.5343,0.4,1.3601
FR,policy,2026,3,0.617,0.722,0.5718,0.3,1.5283
FR,policy,2026,4,0.6993,0.7234,0.5993,0.3,0.8526
FR,policy,2026,5,0.7783,0.7168,0.6118,0.2,0.3278
FR,policy,2026,6,0.8734,0.701,0.6238,0.2,0.3414
FR,policy,2026,7,0.9869,0.678,0.6327,0.1,0.3191
FR,policy,2026,8,1.1575,0.6602,0.636,0.1,0.4092
FR,policy,2026,9,1.4617,0.6532,0.6363,0.0,0.5238
FR,policy,2026,10,2.6457,0.6565,0.6393,0.0,0.5729
DE,policy,2009,1,0.1939,0.8317,0.7436,0.4,-0.2321
DE,policy,2009,2,0.4822,0.716,0.7244,0.4,0.2377
DE,policy,2009,3,0.6494,0.6474,0.6918,0.3,0.8082
DE,policy,2009,4,0.7795,0.6654,0.682,0.3,0.9393
DE,policy,2009,5,0.8814,0.6748,0.6788,0.2,0.6938
DE,policy,2009,6,0.9829,0.6584,0.6736,0.2,0.3193
DE,policy,2009,7,1.1043,0.6422,0.673,0.1,0.6586
DE,policy,2009,8,1.2514,0.6349,0.669,0.1,0.2297
DE,policy,2009,9,1.4749,0.5816,0.6608,0.0,0.4308
DE,policy,2009,10,2.1888,0.5287,0.6278,0.0,0.6561
DE,policy,2010,1,0.1939,0.8243,0.7472,0.4,-0.3976
DE,policy,2010,2,0.4822,0.6024,0.7216,0.4,0.3102
DE,policy,2010,3,0.6494,0.6079,0.6768,0.3,0.7694
DE,policy,2010,4,0.7795,0.6246,0.6622,0.3,0.8661
DE,policy,2010,5,0.8814,0.6292,0.6562,0.2,0.7723
DE,policy,2010,6,0.9829,0.6205,0.6472,0.2,0.4478
DE,policy,2010,7,1.1043,0.611,0.6459,0.1,0.696
DE,policy,2010,8,1.2514,0.6029,0.6411,0.1,0.3719
DE,policy,2010,9,1.4749,0.5622,0.6332,0.0,0.4953
DE,policy,2010,10,2.1888,0.5248,0.604,0.0,0.6614
DE,policy,2011,1,0.1939,0.8392,0.7526,0.4,-0.501
DE,policy,2011,2,0.4822,0.5869,0.7259,0.4,0.3217
DE,policy,2011,3,0.6494,0.6152,0.682,0.3,0.7653
DE,policy,2011,4,0.7795,0.6315,0.6676,0.3,0.7998
DE,policy,2011,5,0.8814,0.6256,0.6612,0.2,0.8268
DE,policy,2011,6,0.9829,0.6264,0.6518,0.2,0.439
DE,policy,2011,7,1.1043,0.6174,0.6501,0.1,0.5939
DE,policy,2011,8,1.2514,0.5917,0.6449,0.1,0.3971
DE,policy,2011,9,1.4749,0.5532,0.6359,0.0,0.5313
DE,policy,2011,10,2.1888,0.5287,0.6063,0.0,0.656
DE,policy,2012,1,0.1939,0.8168,0.7537,0.4,-0.4332
DE,policy,2012,2,0.4822,0.5858,0.7251,0.4,0.3286
DE,policy,2012,3,0.6494,0.6157,0.6811,0.3,0.7629
DE,policy,2012,4,0.7795,0.6307,0.6667,0.3,0.799
DE,policy,2012,5,0.8814,0.6245,0.6603,0.2,0.8287
DE,policy,2012,6,0.9829,0.6254,0.651,0.2,0.4482
DE,policy,2012,7,1.1043,0.6176,0.6493,0.1,0.5967
DE,policy,2012,8,1.2514,0.5924,0.6439,0.1,0.3842
DE,policy,2012,9,1.4749,0.55,0.6347,0.0,0.5409
DE,policy,2012,10,2.1888,0.5283,0.6052,0.0,0.6566
DE,policy,2013,1,0.1939,0.8151,0.7523,0.4,-0.4215
DE,policy,2013,2,0.4822,0.5828,0.7254,0.4,0.3237
DE,policy,2013,3,0.6494,0.6133,0.68,0.3,0.7621
DE,policy,2013,4,0.7795,0.6283,0.6651,0.3,0.7991
DE,policy,2013,5,0.8814,0.6221,0.6588,0.2,0.8275
DE,policy,2013,6,0.9829,0.6228,0.6494,0.2,0.4536
DE,policy,2013,7,1.1043,0.6151,0.6479,0.1,0.632
DE,policy,2013,8,1.2514,0.596,0.6429,0.1,0.397
DE,policy,2013,9,1.4749,0.5593,0.6346,0.0,0.5114
DE,policy,2013,10,2.1888,0.5291,0.6059,0.0,0.6555
DE,policy,2014,1,0.1939,0.8245,0.7544,0.4,-0.4628
DE,policy,2014,2,0.4822,0.5845,0.7265,0.4,0.3194
DE,policy,2014,3,0.6494,0.6145,0.6807,0.3,0.7632
DE,policy,2014,4,0.7795,0.6298,0.6659,0.3,0.8035
DE,policy,2014,5,0.8814,0.6242,0.6596,0.2,0.8256
DE,policy,2014,6,0.9829,0.6246,0.6506,0.2,0.4523
DE,policy,2014,7,1.1043,0.6173,0.6492,0.1,0.6333
DE,policy,2014,8,1.2514,0.5989,0.6444,0.1,0.3912
DE,policy,2014,9,1.4749,0.5624,0.6363,0.0,0.5024
DE,policy,2014,10,2.1888,0.5303,0.6077,0.0,0.6539
DE,policy,2015,1,0.1939,0.8171,0.7568,0.4,-0.4545
DE,policy,2015,2,0.4822,0.5863,0.7229,0.4,0.3388
DE,policy,2015,3,0.6494,0.6154,0.6787,0.3,0.7728
DE,policy,2015,4,0.7795,0.6311,0.6646,0.3,0.8087
DE,policy,2015,5,0.8814,0.6255,0.6587,0.2,0.8267
DE,policy,2015,6,0.9829,0.6256,0.6503,0.2,0.4506
DE,policy,2015,7,1.1043,0.6181,0.6488,0.1,0.6366
DE,policy,2015,8,1.2514,0.6004,0.6442,0.1,0.3893
DE,policy,2015,9,1.4749,0.5641,0.6361,0.0,0.4971
DE,policy,2015,10,2.1888,0.5307,0.6082,0.0,0.6532
DE,policy,2016,1,0.1939,0.8183,0.7577,0.4,-0.4641
DE,policy,2016,2,0.4822,0.5857,0.7208,0.4,0.3481
DE,policy,2016,3,0.6494,0.6145,0.6778,0.3,0.774
DE,policy,2016,4,0.7795,0.6303,0.6638,0.3,0.8102
DE,policy,2016,5,0.8814,0.6248,0.658,0.2,0.8227
DE,policy,2016,6,0.9829,0.6242,0.6496,0.2,0.4514
DE,policy,2016,7,1.1043,0.6164,0.6481,0.1,0.641
DE,policy,2016,8,1.2514,0.5992,0.6435,0.1,0.3931
DE,policy,2016,9,1.4749,0.5632,0.6353,0.0,0.4985
DE,policy,2016,10,2.1888,0.5297,0.6074,0.0,0.6547
DE,policy,2017,1,0.1939,0.7701,0.7513,0.4,-0.3063
DE,policy,2017,2,0.4822,0.5857,0.7156,0.4,0.3744
DE,policy,2017,3,0.6494,0.6147,0.6728,0.3,0.7881
DE,policy,2017,4,0.7795,0.6304,0.6594,0.3,0.8517
DE,policy,2017,5,0.8814,0.6297,0.6566,0.2,0.793
DE,policy,2017,6,0.9829,0.6241,0.6489,0.2,0.4511
DE,policy,2017,7,1.1043,0.616,0.6455,0.1,0.681
DE,policy,2017,8,1.2514,0.6057,0.6424,0.1,0.3756
DE,policy,2017,9,1.4749,0.568,0.6332,0.0,0.4819
DE,policy,2017,10,2.1888,0.5297,0.6075,0.0,0.6547
DE,policy,2018,1,0.1939,0.7868,0.7514,0.4,-0.2026
DE,policy,2018,2,0.4822,0.6915,0.7112,0.4,0.2522
DE,policy,2018,3,0.6494,0.6127,0.6692,0.3,0.7972
DE,policy,2018,4,0.7795,0.629,0.6562,0.3,0.8245
DE,policy,2018,5,0.8814,0.6229,0.6535,0.2,0.8317
DE,policy,2018,6,0.9829,0.6228,0.646,0.2,0.4569
DE,policy,2018,7,1.1043,0.6148,0.6426,0.1,0.6589
DE,policy,2018,8,1.2514,0.5999,0.6395,0.1,0.3957
DE,policy,2018,9,1.4749,0.5641,0.6303,0.0,0.4938
DE,policy,2018,10,2.1888,0.5285,0.6049,0.0,0.6564
DE,policy,2019,1,0.1939,0.7493,0.7287,0.4,-0.1302
DE,policy,2019,2,0.4822,0.5918,0.6177,0.4,0.5264
DE,policy,2019,3,0.6494,0.5175,0.5708,0.3,0.8776
DE,policy,2019,4,0.7795,0.5357,0.5582,0.3,0.8863
DE,policy,2019,5,0.8814,0.528,0.556,0.2,0.9023
DE,policy,2019,6,0.9829,0.5304,0.5503,0.2,0.6223
DE,policy,2019,7,1.1043,0.5191,0.5465,0.1,0.8224
DE,policy,2019,8,1.2514,0.5179,0.5438,0.1,0.6617
DE,policy,2019,9,1.4749,0.5144,0.5383,0.0,0.6487
DE,policy,2019,10,2.1888,0.5285,0.5363,0.0,0.6564
DE,policy,2020,1,0.1939,0.7902,0.747,0.4,-0.3706
DE,policy,2020,2,0.4822,0.5276,0.6102,0.4,0.6062
DE,policy,2020,3,0.6494,0.5199,0.5693,0.3,0.8635
DE,policy,2020,4,0.7795,0.5311,0.5571,0.3,0.9599
DE,policy,2020,5,0.8814,0.543,0.5545,0.2,0.8639
DE,policy,2020,6,0.9829,0.5349,0.5496,0.2,0.5798
DE,policy,2020,7,1.1043,0.5129,0.5463,0.1,0.8205
DE,policy,2020,8,1.2514,0.5107,0.5435,0.1,0.6713
DE,policy,2020,9,1.4749,0.5085,0.5375,0.0,0.66
DE,policy,2020,10,2.1888,0.5248,0.5344,0.0,0.6614
DE,policy,2021,1,0.1939,0.7981,0.7506,0.4,-0.4207
DE,policy,2021,2,0.4822,0.516,0.6099,0.4,0.6022
DE,policy,2021,3,0.6494,0.5119,0.5679,0.3,0.8576
DE,policy,2021,4,0.7795,0.5231,0.5541,0.3,0.9548
DE,policy,2021,5,0.8814,0.5352,0.5514,0.2,0.8531
DE,policy,2021,6,0.9829,0.5248,0.5445,0.2,0.6045
DE,policy,2021,7,1.1043,0.5063,0.5406,0.1,0.8504
DE,policy,2021,8,1.2514,0.5113,0.5378,0.1,0.7057
DE,policy,2021,9,1.4749,0.5207,0.5332,0.0,0.6524
DE,policy,2021,10,2.1888,0.5433,0.537,0.0,0.6353
DE,policy,2022,1,0.1939,0.8227,0.7364,0.4,-0.4123
DE,policy,2022,2,0.4822,0.5021,0.6006,0.4,0.649
DE,policy,2022,3,0.6494,0.5199,0.5599,0.3,0.8648
DE,policy,2022,4,0.7795,0.5261,0.5478,0.3,0.89
DE,policy,2022,5,0.8814,0.5179,0.5453,0.2,0.896
DE,policy,2022,6,0.9829,0.5178,0.5387,0.2,0.6542
DE,policy,2022,7,1.1043,0.5102,0.5346,0.1,0.8482
DE,policy,2022,8,1.2514,0.5141,0.5329,0.1,0.7072
DE,policy,2022,9,1.4749,0.5238,0.5293,0.0,0.6315
DE,policy,2022,10,2.1888,0.5353,0.5343,0.0,0.6469
DE,policy,2023,1,0.1939,0.7361,0.7443,0.4,-0.3708
DE,policy,2023,2,0.4822,0.3024,0.6158,0.4,0.69
DE,policy,2023,3,0.6494,0.5105,0.5635,0.3,0.8555
DE,policy,2023,4,0.7795,0.5188,0.5497,0.3,0.8557
DE,policy,2023,5,0.8814,0.5037,0.5454,0.2,0.8682
DE,policy,2023,6,0.9829,0.4986,0.5366,0.2,0.6739
DE,policy,2023,7,1.1043,0.4937,0.5318,0.1,0.8638
DE,policy,2023,8,1.2514,0.5011,0.5288,0.1,0.7341
DE,policy,2023,9,1.4749,0.5166,0.5246,0.0,0.6423
DE,policy,2023,10,2.1888,0.5281,0.5285,0.0,0.6568
DE,policy,2024,1,0.1939,0.7929,0.7243,0.4,-0.2816
DE,policy,2024,2,0.4822,0.4759,0.6435,0.4,0.5584
DE,policy,2024,3,0.6494,0.5277,0.5783,0.3,0.8053
DE,policy,2024,4,0.7795,0.5199,0.5603,0.3,0.8996
DE,policy,2024,5,0.8814,0.5212,0.5551,0.2,0.8297
DE,policy,2024,6,0.9829,0.5072,0.5394,0.2,0.5964
DE,policy,2024,7,1.1043,0.4817,0.5351,0.1,0.842
DE,policy,2024,8,1.2514,0.4824,0.5288,0.1,0.7336
DE,policy,2024,9,1.4749,0.4935,0.5215,0.0,0.7087
DE,policy,2024,10,2.1888,0.5311,0.5203,0.0,0.6527
DE,policy,2025,1,0.1939,0.7989,0.7341,0.4,-0.3413
DE,policy,2025,2,0.4822,0.4886,0.6414,0.4,0.536
DE,policy,2025,3,0.6494,0.515,0.5781,0.3,0.813
DE,policy,2025,4,0.7795,0.5144,0.5605,0.3,0.9174
DE,policy,2025,5,0.8814,0.5222,0.5554,0.2,0.861
DE,policy,2025,6,0.9829,0.5158,0.542,0.2,0.6164
DE,policy,2025,7,1.1043,0.4984,0.5382,0.1,0.7986
DE,policy,2025,8,1.2514,0.4875,0.5325,0.1,0.7082
DE,policy,2025,9,1.4749,0.4905,0.5249,0.0,0.716
DE,policy,2025,10,2.1888,0.531,0.5223,0.0,0.6529
DE,policy,2026,1,0.1939,0.7983,0.7348,0.4,-0.3746
DE,policy,2026,2,0.4822,0.4359,0.638,0.4,0.581
DE,policy,2026,3,0.6494,0.5175,0.5762,0.3,0.8184
DE,policy,2026,4,0.7795,0.5169,0.5594,0.3,0.922
DE,policy,2026,5,0.8814,0.5247,0.5546,0.2,0.8631
DE,policy,2026,6,0.9829,0.5182,0.543,0.2,0.6175
DE,policy,2026,7,1.1043,0.5018,0.5396,0.1,0.8234
DE,policy,2026,8,1.2514,0.4988,0.5346,0.1,0.6749
DE,policy,2026,9,1.4749,0.4926,0.5276,0.0,0.7108
DE,policy,2026,10,2.1888,0.531,0.5247,0.0,0.6528
EL,policy,2009,1,0.2581,0.1197,0.1278,0.4,0.9909
EL,policy,2009,2,0.4831,0.2273,0.1346,0.4,1.0838
EL,policy,2009,3,0.633,0.3295,0.1679,0.3,1.1281
EL,policy,2009,4,0.725,0.3365,0.189,0.3,1.0734
EL,policy,2009,5,0.8002,0.3365,0.2025,0.2,0.8877
EL,policy,2009,6,0.8953,0.3365,0.2174,0.2,0.9144
EL,policy,2009,7,1.0187,0.355,0.2318,0.1,0.972
EL,policy,2009,8,1.1772,0.3766,0.2498,0.1,0.9136
EL,policy,2009,9,1.4256,0.4093,0.2749,0.0,0.7772
EL,policy,2009,10,2.5656,0.4348,0.3391,0.0,0.8269
EL,policy,2010,1,0.2581,0.1353,0.1434,0.4,0.9801
EL,policy,2010,2,0.4831,0.2263,0.1503,0.4,1.0616
EL,policy,2010,3,0.633,0.3144,0.1779,0.3,1.1359
EL,policy,2010,4,0.725,0.3355,0.1986,0.3,1.1154
EL,policy,2010,5,0.8002,0.3544,0.2134,0.2,0.9588
EL,policy,2010,6,0.8953,0.3878,0.2311,0.2,0.9464
EL,policy,2010,7,1.0187,0.4259,0.2508,0.1,0.9067
EL,policy,2010,8,1.1772,0.4224,0.2729,0.1,0.8913
EL,policy,2010,9,1.4256,0.4525,0.3013,0.0,0.7655
EL,policy,2010,10,2.5656,0.5134,0.3828,0.0,0.7626
EL,policy,2011,1,0.2581,0.1969,0.1518,0.4,0.988
EL,policy,2011,2,0.4831,0.2818,0.1879,0.4,1.0504
EL,policy,2011,3,0.633,0.348,0.2164,0.3,1.1005
EL,policy,2011,4,0.725,0.3435,0.2348,0.3,1.0845
EL,policy,2011,5,0.8002,0.3549,0.2467,0.2,0.9262
EL,policy,2011,6,0.8953,0.3797,0.2619,0.2,0.944
EL,policy,2011,7,1.0187,0.4211,0.2786,0.1,0.9234
EL,policy,2011,8,1.1772,0.4267,0.2986,0.1,0.8892
EL,policy,2011,9,1.4256,0.4591,0.3234,0.0,0.7451
EL,policy,2011,10,2.5656,0.5053,0.3961,0.0,0.7701
EL,policy,2012,1,0.2581,0.2036,0.1541,0.4,0.9827
EL,policy,2012,2,0.4831,0.2746,0.1891,0.4,1.0567
EL,policy,2012,3,0.633,0.3521,0.2163,0.3,1.109
EL,policy,2012,4,0.725,0.3503,0.2351,0.3,1.0782
EL,policy,2012,5,0.8002,0.3574,0.2471,0.2,0.8959
EL,policy,2012,6,0.8953,0.3698,0.2623,0.2,0.9405
EL,policy,2012,7,1.0187,0.4097,0.2783,0.1,0.9522
EL,policy,2012,8,1.1772,0.4272,0.2983,0.1,0.8889
EL,policy,2012,9,1.4256,0.4595,0.3227,0.0,0.7378
EL,policy,2012,10,2.5656,0.4983,0.3961,0.0,0.7765
EL,policy,2013,1,0.2581,0.1488,0.1519,0.4,0.9991
EL,policy,2013,2,0.4831,0.2914,0.174,0.4,1.0849
EL,policy,2013,3,0.633,0.3769,0.2108,0.3,1.0666
EL,policy,2013,4,0.725,0.3399,0.2288,0.3,1.1052
EL,policy,2013,5,0.8002,0.3591,0.2444,0.2,0.9019
EL,policy,2013,6,0.8953,0.3738,0.2575,0.2,0.9714
EL,policy,2013,7,1.0187,0.4258,0.2759,0.1,1.1899
EL,policy,2013,8,1.1772,0.5265,0.301,0.1,0.7104
EL,policy,2013,9,1.4256,0.5036,0.336,0.0,0.6654
EL,policy,2013,10,2.5656,0.5215,0.4187,0.0,0.7548
EL,policy,2014,1,0.2581,0.3096,0.161,0.4,0.9792
EL,policy,2014,2,0.4831,0.3198,0.2042,0.4,1.0418
EL,policy,2014,3,0.633,0.3657,0.2457,0.3,1.0661
EL,policy,2014,4,0.725,0.3427,0.257,0.3,1.0624
EL,policy,2014,5,0.8002,0.3502,0.268,0.2,0.9479
EL,policy,2014,6,0.8953,0.3868,0.2771,0.2,1.0292
EL,policy,2014,7,1.0187,0.4626,0.2927,0.1,0.9991
EL,policy,2014,8,1.1772,0.4985,0.3155,0.1,0.8068
EL,policy,2014,9,1.4256,0.5087,0.3479,0.0,0.6592
EL,policy,2014,10,2.5656,0.5272,0.4259,0.0,0.7491
EL,policy,2015,1,0.2581,0.1784,0.1546,0.4,1.0105
EL,policy,2015,2,0.4831,0.3295,0.1733,0.4,1.0387
EL,policy,2015,3,0.633,0.3489,0.2091,0.3,1.1561
EL,policy,2015,4,0.725,0.3715,0.226,0.3,1.1687
EL,policy,2015,5,0.8002,0.4028,0.2408,0.2,0.7933
EL,policy,2015,6,0.8953,0.3786,0.2539,0.2,0.9272
EL,policy,2015,7,1.0187,0.4117,0.2713,0.1,1.0155
EL,policy,2015,8,1.1772,0.4549,0.2953,0.1,0.979
EL,policy,2015,9,1.4256,0.5287,0.3315,0.0,0.6209
EL,policy,2015,10,2.5656,0.538,0.4237,0.0,0.7379
EL,policy,2016,1,0.2581,0.2898,0.2914,0.4,0.8886
EL,policy,2016,2,0.4831,0.3046,0.2679,0.4,1.0034
EL,policy,2016,3,0.633,0.3642,0.2867,0.3,1.0831
EL,policy,2016,4,0.725,0.3632,0.2906,0.3,1.0424
EL,policy,2016,5,0.8002,0.3648,0.2962,0.2,0.9425
EL,policy,2016,6,0.8953,0.4035,0.2996,0.2,0.8743
EL,policy,2016,7,1.0187,0.4233,0.3111,0.1,0.9418
EL,policy,2016,8,1.1772,0.4397,0.3245,0.1,0.9195
EL,policy,2016,9,1.4256,0.4908,0.3506,0.0,0.7873
EL,policy,2016,10,2.5656,0.5997,0.4391,0.0,0.6629
EL,policy,2017,1,0.2581,0.3127,0.5359,0.4,0.6134
EL,policy,2017,2,0.4831,0.3604,0.385,0.4,0.8683
EL,policy,2017,3,0.633,0.3603,0.3913,0.3,1.0654
EL,policy,2017,4,0.725,0.3884,0.375,0.3,0.9237
EL,policy,2017,5,0.8002,0.3607,0.3611,0.2,0.9042
EL,policy,2017,6,0.8953,0.3959,0.355,0.2,0.8604
EL,policy,2017,7,1.0187,0.4195,0.3516,0.1,0.9337
EL,policy,2017,8,1.1772,0.4361,0.3509,0.1,0.9123
EL,policy,2017,9,1.4256,0.4863,0.3713,0.0,0.7931
EL,policy,2017,10,2.5656,0.5969,0.4459,0.0,0.6668
EL,policy,2018,1,0.2581,0.2936,0.523,0.4,0.6404
EL,policy,2018,2,0.4831,0.3599,0.3796,0.4,0.8976
EL,policy,2018,3,0.633,0.382,0.3916,0.3,1.0065
EL,policy,2018,4,0.725,0.3709,0.3798,0.3,1.0181
EL,policy,2018,5,0.8002,0.3837,0.368,0.2,0.8734
EL,policy,2018,6,0.8953,0.409,0.3635,0.2,0.8443
EL,policy,2018,7,1.0187,0.4287,0.3608,0.1,0.9291
EL,policy,2018,8,1.1772,0.4446,0.3624,0.1,0.9128
EL,policy,2018,9,1.4256,0.497,0.3824,0.0,0.7827
EL,policy,2018,10,2.5656,0.6062,0.4577,0.0,0.6536
EL,policy,2019,1,0.2581,0.2249,0.5156,0.4,0.6816
EL,policy,2019,2,0.4831,0.3886,0.3626,0.4,0.9237
EL,policy,2019,3,0.633,0.4033,0.3714,0.3,1.0543
EL,policy,2019,4,0.725,0.3983,0.3611,0.3,0.9956
EL,policy,2019,5,0.8002,0.3908,0.3523,0.2,0.855
EL,policy,2019,6,0.8953,0.4067,0.3497,0.2,0.8508
EL,policy,2019,7,1.0187,0.4262,0.35,0.1,0.9337
EL,policy,2019,8,1.1772,0.4429,0.3545,0.1,0.9148
EL,policy,2019,9,1.4256,0.4952,0.3764,0.0,0.7853
EL,policy,2019,10,2.5656,0.605,0.4558,0.0,0.6553
EL,policy,2020,1,0.2581,0.2844,0.5541,0.4,0.5267
EL,policy,2020,2,0.4831,0.2284,0.3654,0.4,0.9234
EL,policy,2020,3,0.633,0.338,0.361,0.3,1.0608
EL,policy,2020,4,0.725,0.3633,0.3481,0.3,1.0144
EL,policy,2020,5,0.8002,0.3683,0.338,0.2,0.8717
EL,policy,2020,6,0.8953,0.3867,0.3335,0.2,0.859
EL,policy,2020,7,1.0187,0.4047,0.3317,0.1,0.9755
EL,policy,2020,8,1.1772,0.4369,0.3341,0.1,0.9174
EL,policy,2020,9,1.4256,0.4878,0.3539,0.0,0.777
EL,policy,2020,10,2.5656,0.5874,0.4307,0.0,0.6796
EL,policy,2021,1,0.2581,0.2532,0.5403,0.4,0.5744
EL,policy,2021,2,0.4831,0.2679,0.3616,0.4,0.9332
EL,policy,2021,3,0.633,0.359,0.364,0.3,1.0267
EL,policy,2021,4,0.725,0.3576,0.3526,0.3,0.9963
EL,policy,2021,5,0.8002,0.3585,0.3421,0.2,0.8938
EL,policy,2021,6,0.8953,0.3859,0.338,0.2,0.8297
EL,policy,2021,7,1.0187,0.3918,0.3353,0.1,0.9239
EL,policy,2021,8,1.1772,0.4011,0.3355,0.1,0.9049
EL,policy,2021,9,1.4256,0.4422,0.3516,0.0,0.8005
EL,policy,2021,10,2.5656,0.5293,0.4125,0.0,0.747
EL,policy,2022,1,0.2581,0.2214,0.5468,0.4,0.6412
EL,policy,2022,2,0.4831,0.4153,0.3833,0.4,0.8591
EL,policy,2022,3,0.633,0.3794,0.3921,0.3,1.0265
EL,policy,2022,4,0.725,0.3797,0.3813,0.3,1.0934
EL,policy,2022,5,0.8002,0.4154,0.3712,0.2,0.8038
EL,policy,2022,6,0.8953,0.4183,0.3689,0.2,0.7939
EL,policy,2022,7,1.0187,0.4196,0.3666,0.1,0.9474
EL,policy,2022,8,1.1772,0.4435,0.3686,0.1,0.8625
EL,policy,2022,9,1.4256,0.4731,0.3848,0.0,0.7585
EL,policy,2022,10,2.5656,0.5464,0.444,0.0,0.7289
EL,policy,2023,1,0.2581,0.217,0.4825,0.4,0.7029
EL,policy,2023,2,0.4831,0.3256,0.351,0.4,0.9324
EL,policy,2023,3,0.633,0.3723,0.3646,0.3,1.0899
EL,policy,2023,4,0.725,0.3962,0.3566,0.3,1.0101
EL,policy,2023,5,0.8002,0.3931,0.3485,0.2,0.8837
EL,policy,2023,6,0.8953,0.419,0.3499,0.2,0.8682
EL,policy,2023,7,1.0187,0.4462,0.3492,0.1,0.8876
EL,policy,2023,8,1.1772,0.4452,0.354,0.1,0.8873
EL,policy,2023,9,1.4256,0.4851,0.375,0.0,0.7241
EL,policy,2023,10,2.5656,0.5382,0.4368,0.0,0.7377
EL,policy,2024,1,0.2581,0.1945,0.4586,0.4,0.7913
EL,policy,2024,2,0.4831,0.4183,0.3541,0.4,0.9055
EL,policy,2024,3,0.633,0.3961,0.3697,0.3,1.0919
EL,policy,2024,4,0.725,0.4109,0.363,0.3,1.0588
EL,policy,2024,5,0.8002,0.4213,0.353,0.2,0.855
EL,policy,2024,6,0.8953,0.4393,0.3538,0.2,0.8095
EL,policy,2024,7,1.0187,0.4469,0.3569,0.1,0.959
EL,policy,2024,8,1.1772,0.4742,0.3607,0.1,0.8878
EL,policy,2024,9,1.4256,0.5181,0.3848,0.0,0.6474
EL,policy,2024,10,2.5656,0.5379,0.4461,0.0,0.7381
EL,policy,2025,1,0.2581,0.2076,0.4323,0.4,0.7937
EL,policy,2025,2,0.4831,0.3672,0.353,0.4,0.9309
EL,policy,2025,3,0.633,0.3914,0.368,0.3,1.0814
EL,policy,2025,4,0.725,0.4031,0.3633,0.3,1.0353
EL,policy,2025,5,0.8002,0.4083,0.3558,0.2,0.9143
EL,policy,2025,6,0.8953,0.4461,0.3581,0.2,0.8215
EL,policy,2025,7,1.0187,0.4596,0.3629,0.1,0.9629
EL,policy,2025,8,1.1772,0.4886,0.3688,0.1,0.8663
EL,policy,2025,9,1.4256,0.5262,0.3944,0.0,0.6256
EL,policy,2025,10,2.5656,0.5365,0.4527,0.0,0.7395
EL,policy,2026,1,0.2581,0.1962,0.4236,0.4,0.8174
EL,policy,2026,2,0.4831,0.3876,0.3441,0.4,0.9137
EL,policy,2026,3,0.633,0.3787,0.3557,0.3,1.0667
EL,policy,2026,4,0.725,0.3854,0.3511,0.3,1.173
EL,policy,2026,5,0.8002,0.4365,0.339,0.2,0.7712
EL,policy,2026,6,0.8953,0.4255,0.3436,0.2,0.8351
EL,policy,2026,7,1.0187,0.4393,0.3473,0.1,1.0381
EL,policy,2026,8,1.1772,0.4942,0.3523,0.1,0.8154
EL,policy,2026,9,1.4256,0.5104,0.3776,0.0,0.6587
EL,policy,2026,10,2.5656,0.5308,0.4359,0.0,0.7454
IE,policy,2009,1,0.1753,0.2357,0.2183,0.4,1.0906
IE,policy,2009,2,0.3939,0.5622,0.1205,0.4,1.2039
IE,policy,2009,3,0.5384,0.5798,0.2724,0.3,1.0989
IE,policy,2009,4,0.6723,0.5713,0.3421,0.3,1.0188
IE,policy,2009,5,0.794,0.5712,0.3924,0.2,1.1085
IE,policy,2009,6,0.916,0.5983,0.4203,0.2,0.8945
IE,policy,2009,7,1.057,0.6114,0.4539,0.1,0.754
IE,policy,2009,8,1.2681,0.6209,0.4786,0.1,0.7451
IE,policy,2009,9,1.5884,0.6226,0.5129,0.0,0.5981
IE,policy,2009,10,2.5748,0.6173,0.5591,0.0,0.579
IE,policy,2010,1,0.1753,0.2405,0.2222,0.4,1.0981
IE,policy,2010,2,0.3939,0.5734,0.121,0.4,1.2519
IE,policy,2010,3,0.5384,0.6072,0.2743,0.3,1.2107
IE,policy,2010,4,0.6723,0.6232,0.3447,0.3,0.9107
IE,policy,2010,5,0.794,0.5867,0.3955,0.2,1.0007
IE,policy,2010,6,0.916,0.5873,0.4239,0.2,0.9557
IE,policy,2010,7,1.057,0.6141,0.4576,0.1,0.7477
IE,policy,2010,8,1.2681,0.623,0.4821,0.1,0.7415
IE,policy,2010,9,1.5884,0.6244,0.516,0.0,0.5954
IE,policy,2010,10,2.5748,0.6193,0.5617,0.0,0.5754
IE,policy,2011,1,0.1753,0.2521,0.231,0.4,1.0788
IE,policy,2011,2,0.3939,0.5617,0.1253,0.4,1.2688
IE,policy,2011,3,0.5384,0.6106,0.2822,0.3,1.0619
IE,policy,2011,4,0.6723,0.584,0.3496,0.3,1.1674
IE,policy,2011,5,0.794,0.62,0.3977,0.2,0.9895
IE,policy,2011,6,0.916,0.6148,0.4294,0.2,0.8695
IE,policy,2011,7,1.057,0.6234,0.4652,0.1,0.736
IE,policy,2011,8,1.2681,0.6316,0.4902,0.1,0.7273
IE,policy,2011,9,1.5884,0.6317,0.5235,0.0,0.592
IE,policy,2011,10,2.5748,0.6317,0.5702,0.0,0.5523
IE,policy,2012,1,0.1753,0.2245,0.1895,0.4,1.154
IE,policy,2012,2,0.3939,0.6035,0.1161,0.4,1.4607
IE,policy,2012,3,0.5384,0.6891,0.288,0.3,0.8116
IE,policy,2012,4,0.6723,0.5824,0.3576,0.3,1.1424
IE,policy,2012,5,0.794,0.6145,0.4048,0.2,0.9964
IE,policy,2012,6,0.916,0.6121,0.436,0.2,0.9323
IE,policy,2012,7,1.057,0.6334,0.4711,0.1,0.689
IE,policy,2012,8,1.2681,0.6336,0.4956,0.1,0.7236
IE,policy,2012,9,1.5884,0.6337,0.5281,0.0,0.5885
IE,policy,2012,10,2.5748,0.6337,0.5737,0.0,0.5485
IE,policy,2013,1,0.1753,0.224,0.1953,0.4,1.1485
IE,policy,2013,2,0.3939,0.6019,0.1302,0.4,1.317
IE,policy,2013,3,0.5384,0.6464,0.3053,0.3,0.9568
IE,policy,2013,4,0.6723,0.5857,0.3698,0.3,1.0705
IE,policy,2013,5,0.794,0.6016,0.4162,0.2,1.0591
IE,policy,2013,6,0.916,0.615,0.446,0.2,0.928
IE,policy,2013,7,1.057,0.6364,0.4801,0.1,0.6773
IE,policy,2013,8,1.2681,0.6355,0.5035,0.1,0.719
IE,policy,2013,9,1.5884,0.6355,0.5348,0.0,0.5852
IE,policy,2013,10,2.5748,0.6355,0.5784,0.0,0.5448
IE,policy,2014,1,0.1753,0.2658,0.2364,0.4,1.0639
IE,policy,2014,2,0.3939,0.5523,0.1651,0.4,1.171
IE,policy,2014,3,0.5384,0.5708,0.3186,0.3,1.1505
IE,policy,2014,4,0.6723,0.5909,0.3779,0.3,1.0455
IE,policy,2014,5,0.794,0.6007,0.4237,0.2,1.076
IE,policy,2014,6,0.916,0.6185,0.453,0.2,0.9317
IE,policy,2014,7,1.057,0.6411,0.4866,0.1,0.6659
IE,policy,2014,8,1.2681,0.6393,0.5096,0.1,0.7135
IE,policy,2014,9,1.5884,0.6393,0.5403,0.0,0.5783
IE,policy,2014,10,2.5748,0.6393,0.5832,0.0,0.5373
IE,policy,2015,1,0.1753,0.2634,0.2388,0.4,1.0588
IE,policy,2015,2,0.3939,0.5478,0.1663,0.4,1.1563
IE,policy,2015,3,0.5384,0.5612,0.3182,0.3,1.1389
IE,policy,2015,4,0.6723,0.5812,0.376,0.3,1.0372
IE,policy,2015,5,0.794,0.5909,0.4203,0.2,1.1599
IE,policy,2015,6,0.916,0.6267,0.4486,0.2,0.8039
IE,policy,2015,7,1.057,0.625,0.4815,0.1,0.7289
IE,policy,2015,8,1.2681,0.6333,0.5041,0.1,0.7368
IE,policy,2015,9,1.5884,0.6377,0.5349,0.0,0.5874
IE,policy,2015,10,2.5748,0.6407,0.5799,0.0,0.5345
IE,policy,2016,1,0.1753,0.2656,0.2415,0.4,1.0953
IE,policy,2016,2,0.3939,0.5877,0.162,0.4,1.2285
IE,policy,2016,3,0.5384,0.613,0.3128,0.3,1.0466
IE,policy,2016,4,0.6723,0.5869,0.3743,0.3,1.0007
IE,policy,2016,5,0.794,0.5852,0.4175,0.2,1.0798
IE,policy,2016,6,0.916,0.6062,0.4457,0.2,0.8972
IE,policy,2016,7,1.057,0.6225,0.4773,0.1,0.7012
IE,policy,2016,8,1.2681,0.6237,0.4992,0.1,0.7715
IE,policy,2016,9,1.5884,0.6353,0.5297,0.0,0.5984
IE,policy,2016,10,2.5748,0.6418,0.5766,0.0,0.5322
IE,policy,2017,1,0.1753,0.2636,0.2384,0.4,1.0854
IE,policy,2017,2,0.3939,0.5758,0.1647,0.4,1.2187
IE,policy,2017,3,0.5384,0.6041,0.313,0.3,1.1561
IE,policy,2017,4,0.6723,0.6128,0.3726,0.3,0.9913
IE,policy,2017,5,0.794,0.6035,0.4152,0.2,1.0099
IE,policy,2017,6,0.916,0.6064,0.4433,0.2,0.8683
IE,policy,2017,7,1.057,0.6167,0.4746,0.1,0.7223
IE,policy,2017,8,1.2681,0.6215,0.4961,0.1,0.7736
IE,policy,2017,9,1.5884,0.6331,0.5267,0.0,0.6046
IE,policy,2017,10,2.5748,0.6408,0.5742,0.0,0.5344
IE,policy,2018,1,0.1753,0.2641,0.2389,0.4,1.0803
IE,policy,2018,2,0.3939,0.571,0.1763,0.4,1.1467
IE,policy,2018,3,0.5384,0.5707,0.3209,0.3,1.1159
IE,policy,2018,4,0.6723,0.5805,0.3775,0.3,1.0861
IE,policy,2018,5,0.794,0.6032,0.4182,0.2,1.0154
IE,policy,2018,6,0.916,0.6077,0.4455,0.2,0.8421
IE,policy,2018,7,1.057,0.6129,0.4764,0.1,0.7454
IE,policy,2018,8,1.2681,0.6226,0.4975,0.1,0.7695
IE,policy,2018,9,1.5884,0.6333,0.5279,0.0,0.6044
IE,policy,2018,10,2.5748,0.6411,0.575,0.0,0.5337
IE,policy,2019,1,0.1753,0.2693,0.2443,0.4,1.0891
IE,policy,2019,2,0.3939,0.5844,0.2226,0.4,1.0919
IE,policy,2019,3,0.5384,0.5642,0.3487,0.3,1.101
IE,policy,2019,4,0.6723,0.5775,0.3991,0.3,1.0515
IE,policy,2019,5,0.794,0.5967,0.4365,0.2,1.0446
IE,policy,2019,6,0.916,0.6105,0.4615,0.2,0.8319
IE,policy,2019,7,1.057,0.6159,0.4895,0.1,0.7517
IE,policy,2019,8,1.2681,0.6285,0.5098,0.1,0.7585
IE,policy,2019,9,1.5884,0.6384,0.5384,0.0,0.5878
IE,policy,2019,10,2.5748,0.6423,0.5819,0.0,0.5312
IE,policy,2020,1,0.1753,0.2631,0.2327,0.4,1.0994
IE,policy,2020,2,0.3939,0.5854,0.2154,0.4,1.0855
IE,policy,2020,3,0.5384,0.5587,0.3431,0.3,1.1035
IE,policy,2020,4,0.6723,0.5735,0.394,0.3,1.0459
IE,policy,2020,5,0.794,0.5913,0.432,0.2,1.0483
IE,policy,2020,6,0.916,0.6063,0.457,0.2,0.8382
IE,policy,2020,7,1.057,0.6123,0.4851,0.1,0.7525
IE,policy,2020,8,1.2681,0.6242,0.5053,0.1,0.7628
IE,policy,2020,9,1.5884,0.6343,0.5338,0.0,0.5931
IE,policy,2020,10,2.5748,0.6371,0.5771,0.0,0.5416
IE,policy,2022,1,0.1753,0.2705,0.2436,0.4,1.0998
IE,policy,2022,2,0.3939,0.594,0.232,0.4,1.0779
IE,policy,2022,3,0.5384,0.5655,0.3552,0.3,1.2405
IE,policy,2022,4,0.6723,0.6207,0.4051,0.3,0.9228
IE,policy,2022,5,0.794,0.5997,0.443,0.2,1.0214
IE,policy,2022,6,0.916,0.6091,0.4674,0.2,0.8645
IE,policy,2022,7,1.057,0.6218,0.4948,0.1,0.7385
IE,policy,2022,8,1.2681,0.6327,0.5146,0.1,0.7501
IE,policy,2022,9,1.5884,0.6416,0.5424,0.0,0.5742
IE,policy,2022,10,2.5748,0.6416,0.5839,0.0,0.5327
IE,policy,2023,1,0.1753,0.2712,0.2366,0.4,1.0902
IE,policy,2023,2,0.3939,0.5807,0.2305,0.4,1.07
IE,policy,2023,3,0.5384,0.5529,0.349,0.3,1.2528
IE,policy,2023,4,0.6723,0.6164,0.398,0.3,0.9073
IE,policy,2023,5,0.794,0.5903,0.436,0.2,1.0436
IE,policy,2023,6,0.916,0.605,0.4604,0.2,0.8973
IE,policy,2023,7,1.057,0.6233,0.4884,0.1,0.7344
IE,policy,2023,8,1.2681,0.633,0.5093,0.1,0.736
IE,policy,2023,9,1.5884,0.6378,0.5377,0.0,0.5812
IE,policy,2023,10,2.5748,0.6378,0.5793,0.0,0.5404
IE,policy,2024,1,0.1753,0.277,0.2358,0.4,1.0787
IE,policy,2024,2,0.3939,0.5698,0.1986,0.4,1.0936
IE,policy,2024,3,0.5384,0.5484,0.3302,0.3,1.1368
IE,policy,2024,4,0.6723,0.5752,0.3811,0.3,1.0474
IE,policy,2024,5,0.794,0.5902,0.4214,0.2,1.0834
IE,policy,2024,6,0.916,0.6113,0.4468,0.2,0.8485
IE,policy,2024,7,1.057,0.618,0.4766,0.1,0.7496
IE,policy,2024,8,1.2681,0.6294,0.4988,0.1,0.7617
IE,policy,2024,9,1.5884,0.6391,0.5294,0.0,0.5787
IE,policy,2024,10,2.5748,0.6391,0.5749,0.0,0.5377
IE,policy,2025,1,0.1753,0.2727,0.2364,0.4,1.0576
IE,policy,2025,2,0.3939,0.5467,0.1876,0.4,1.1196
IE,policy,2025,3,0.5384,0.5472,0.3219,0.3,1.1154
IE,policy,2025,4,0.6723,0.5654,0.3751,0.3,1.1356
IE,policy,2025,5,0.794,0.6047,0.4146,0.2,0.9513
IE,policy,2025,6,0.916,0.5949,0.4407,0.2,0.9252
IE,policy,2025,7,1.057,0.6169,0.4709,0.1,0.7742
IE,policy,2025,8,1.2681,0.633,0.494,0.1,0.7488
IE,policy,2025,9,1.5884,0.6394,0.5258,0.0,0.5781
IE,policy,2025,10,2.5748,0.6394,0.5728,0.0,0.5371
IE,policy,2026,1,0.1753,0.2741,0.2368,0.4,1.0575
IE,policy,2026,2,0.3939,0.5471,0.1693,0.4,1.1317
IE,policy,2026,3,0.5384,0.5481,0.3135,0.3,1.1647
IE,policy,2026,4,0.6723,0.5807,0.3698,0.3,1.0878
IE,policy,2026,5,0.794,0.6023,0.4139,0.2,0.995
IE,policy,2026,6,0.916,0.6021,0.4407,0.2,0.9339
IE,policy,2026,7,1.057,0.6251,0.472,0.1,0.7358
IE,policy,2026,8,1.2681,0.6341,0.4952,0.1,0.7476
IE,policy,2026,9,1.5884,0.6405,0.527,0.0,0.5762
IE,policy,2026,10,2.5748,0.6405,0.5738,0.0,0.5349
IT,policy,2009,1,0.3333,0.2272,0.027,0.4,1.1339
IT,policy,2009,2,0.5571,0.423,0.1813,0.4,1.1395
IT,policy,2009,3,0.6821,0.4099,0.2497,0.3,1.1461
IT,policy,2009,4,0.7615,0.401,0.2735,0.3,1.0673
IT,policy,2009,5,0.8359,0.4297,0.2809,0.2,1.0802
IT,policy,2009,6,0.9112,0.4431,0.295,0.2,0.6909
IT,policy,2009,7,1.0281,0.4611,0.3231,0.1,0.981
IT,policy,2009,8,1.1673,0.4821,0.3405,0.1,0.7125
IT,policy,2009,9,1.4182,0.4915,0.3734,0.0,0.7026
IT,policy,2009,10,2.2931,0.4861,0.4201,0.0,0.7521
IT,policy,2010,1,0.3333,0.239,0.0395,0.4,1.1171
IT,policy,2010,2,0.5571,0.4096,0.1935,0.4,1.1565
IT,policy,2010,3,0.6821,0.4184,0.2594,0.3,1.1321
IT,policy,2010,4,0.7615,0.4028,0.2821,0.3,1.0715
IT,policy,2010,5,0.8359,0.4339,0.29,0.2,1.0949
IT,policy,2010,6,0.9112,0.4511,0.3041,0.2,0.6739
IT,policy,2010,7,1.0281,0.4671,0.3317,0.1,0.9687
IT,policy,2010,8,1.1673,0.4846,0.349,0.1,0.707
IT,policy,2010,9,1.4182,0.4936,0.381,0.0,0.7043
IT,policy,2010,10,2.2931,0.4922,0.4259,0.0,0.7459
IT,policy,2011,1,0.3333,0.2415,0.0456,0.4,1.1061
IT,policy,2011,2,0.5571,0.3977,0.1994,0.4,1.157
IT,policy,2011,3,0.6821,0.4159,0.2637,0.3,1.1547
IT,policy,2011,4,0.7615,0.4108,0.2857,0.3,1.0621
IT,policy,2011,5,0.8359,0.4381,0.2941,0.2,1.0822
IT,policy,2011,6,0.9112,0.4519,0.3083,0.2,0.6689
IT,policy,2011,7,1.0281,0.4672,0.3357,0.1,0.9821
IT,policy,2011,8,1.1673,0.4892,0.353,0.1,0.6935
IT,policy,2011,9,1.4182,0.4945,0.3844,0.0,0.7041
IT,policy,2011,10,2.2931,0.4941,0.4282,0.0,0.744
IT,policy,2012,1,0.3333,0.2609,0.0513,0.4,1.1097
IT,policy,2012,2,0.5571,0.412,0.2038,0.4,1.1451
IT,policy,2012,3,0.6821,0.4165,0.2675,0.3,1.1509
IT,policy,2012,4,0.7615,0.4104,0.2891,0.3,1.0765
IT,policy,2012,5,0.8359,0.4425,0.2977,0.2,1.0817
IT,policy,2012,6,0.9112,0.4559,0.312,0.2,0.68
IT,policy,2012,7,1.0281,0.4766,0.3392,0.1,0.9845
IT,policy,2012,8,1.1673,0.4992,0.3566,0.1,0.6622
IT,policy,2012,9,1.4182,0.4955,0.3877,0.0,0.703
IT,policy,2012,10,2.2931,0.4952,0.4307,0.0,0.7429
IT,policy,2013,1,0.3333,0.2636,0.0562,0.4,1.1062
IT,policy,2013,2,0.5571,0.4108,0.2053,0.4,1.1378
IT,policy,2013,3,0.6821,0.4123,0.2685,0.3,1.1941
IT,policy,2013,4,0.7615,0.424,0.2905,0.3,1.077
IT,policy,2013,5,0.8359,0.4536,0.2992,0.2,1.0847
IT,policy,2013,6,0.9112,0.4661,0.3138,0.2,0.666
IT,policy,2013,7,1.0281,0.4857,0.3415,0.1,0.971
IT,policy,2013,8,1.1673,0.5041,0.359,0.1,0.648
IT,policy,2013,9,1.4182,0.4969,0.3902,0.0,0.7015
IT,policy,2013,10,2.2931,0.4968,0.4328,0.0,0.7412
IT,policy,2014,1,0.3333,0.2469,0.0101,0.4,1.1349
IT,policy,2014,2,0.5571,0.4194,0.1712,0.4,1.3223
IT,policy,2014,3,0.6821,0.4973,0.2441,0.3,1.2492
IT,policy,2014,4,0.7615,0.4869,0.2765,0.3,1.1193
IT,policy,2014,5,0.8359,0.5118,0.2921,0.2,1.1442
IT,policy,2014,6,0.9112,0.5266,0.3113,0.2,0.5709
IT,policy,2014,7,1.0281,0.5389,0.344,0.1,0.7916
IT,policy,2014,8,1.1673,0.5094,0.3637,0.1,0.6422
IT,policy,2014,9,1.4182,0.503,0.395,0.0,0.6925
IT,policy,2014,10,2.2931,0.5012,0.4375,0.0,0.7366
IT,policy,2015,1,0.3333,0.2427,-0.0164,0.4,1.1451
IT,policy,2015,2,0.5571,0.4178,0.1539,0.4,1.4112
IT,policy,2015,3,0.6821,0.5285,0.2315,0.3,1.2188
IT,policy,2015,4,0.7615,0.4966,0.2681,0.3,1.1233
IT,policy,2015,5,0.8359,0.5194,0.2866,0.2,1.2636
IT,policy,2015,6,0.9112,0.5523,0.3076,0.2,0.5029
IT,policy,2015,7,1.0281,0.5573,0.3425,0.1,0.7091
IT,policy,2015,8,1.1673,0.5084,0.3627,0.1,0.6425
IT,policy,2015,9,1.4182,0.5014,0.3939,0.0,0.6951
IT,policy,2015,10,2.2931,0.5003,0.4363,0.0,0.7376
IT,policy,2016,1,0.3333,0.2457,-0.0125,0.4,1.1444
IT,policy,2016,2,0.5571,0.4198,0.1573,0.4,1.4088
IT,policy,2016,3,0.6821,0.5289,0.2347,0.3,1.2146
IT,policy,2016,4,0.7615,0.4961,0.2711,0.3,1.1008
IT,policy,2016,5,0.8359,0.5146,0.2895,0.2,1.2976
IT,policy,2016,6,0.9112,0.5542,0.3105,0.2,0.4908
IT,policy,2016,7,1.0281,0.5574,0.3452,0.1,0.7134
IT,policy,2016,8,1.1673,0.5099,0.3652,0.1,0.6406
IT,policy,2016,9,1.4182,0.5032,0.3961,0.0,0.6929
IT,policy,2016,10,2.2931,0.5021,0.4383,0.0,0.7357
IT,policy,2017,1,0.3333,0.2451,-0.0135,0.4,1.1443
IT,policy,2017,2,0.5571,0.4189,0.1566,0.4,1.4072
IT,policy,2017,3,0.6821,0.5279,0.2342,0.3,1.2054
IT,policy,2017,4,0.7615,0.4929,0.2705,0.3,1.0774
IT,policy,2017,5,0.8359,0.5067,0.289,0.2,1.3337
IT,policy,2017,6,0.9112,0.554,0.3099,0.2,0.4796
IT,policy,2017,7,1.0281,0.5545,0.3447,0.1,0.7236
IT,policy,2017,8,1.1673,0.5091,0.3645,0.1,0.6418
IT,policy,2017,9,1.4182,0.5024,0.3954,0.0,0.694
IT,policy,2017,10,2.2931,0.5015,0.4375,0.0,0.7364
IT,policy,2018,1,0.3333,0.2453,0.1053,0.4,1.0917
IT,policy,2018,2,0.5571,0.4187,0.2145,0.4,1.3781
IT,policy,2018,3,0.6821,0.53,0.2699,0.3,1.2927
IT,policy,2018,4,0.7615,0.5219,0.3014,0.3,1.1206
IT,policy,2018,5,0.8359,0.5431,0.3168,0.2,1.1596
IT,policy,2018,6,0.9112,0.557,0.3347,0.2,0.4765
IT,policy,2018,7,1.0281,0.5603,0.362,0.1,0.6888
IT,policy,2018,8,1.1673,0.5079,0.3788,0.1,0.642
IT,policy,2018,9,1.4182,0.5022,0.4044,0.0,0.6948
IT,policy,2018,10,2.2931,0.5018,0.4405,0.0,0.736
IT,policy,2019,1,0.3333,0.2756,0.4537,0.4,0.8021
IT,policy,2019,2,0.5571,0.4202,0.3847,0.4,1.235
IT,policy,2019,3,0.6821,0.5296,0.381,0.3,1.1053
IT,policy,2019,4,0.7615,0.492,0.3979,0.3,1.0128
IT,policy,2019,5,0.8359,0.5109,0.4033,0.2,1.2783
IT,policy,2019,6,0.9112,0.5569,0.412,0.2,0.4161
IT,policy,2019,7,1.0281,0.5555,0.4169,0.1,0.7003
IT,policy,2019,8,1.1673,0.5092,0.4213,0.1,0.6267
IT,policy,2019,9,1.4182,0.5027,0.4316,0.0,0.6955
IT,policy,2019,10,2.2931,0.5035,0.4508,0.0,0.7342
IT,policy,2020,1,0.3333,0.4728,0.5715,0.4,0.5382
IT,policy,2020,2,0.5571,0.4043,0.4469,0.4,1.0216
IT,policy,2020,3,0.6821,0.465,0.4179,0.3,1.1715
IT,policy,2020,4,0.7615,0.4799,0.4248,0.3,0.9436
IT,policy,2020,5,0.8359,0.4904,0.4248,0.2,1.105
IT,policy,2020,6,0.9112,0.5137,0.4299,0.2,0.5129
IT,policy,2020,7,1.0281,0.5221,0.4276,0.1,0.8909
IT,policy,2020,8,1.1673,0.5246,0.4301,0.1,0.585
IT,policy,2020,9,1.4182,0.5098,0.4379,0.0,0.6751
IT,policy,2020,10,2.2931,0.4998,0.451,0.0,0.7381
IT,policy,2021,1,0.3333,0.264,0.615,0.4,0.532
IT,policy,2021,2,0.5571,0.4649,0.4964,0.4,0.9543
IT,policy,2021,3,0.6821,0.4886,0.4677,0.3,1.2272
IT,policy,2021,4,0.7615,0.5202,0.4714,0.3,0.9878
IT,policy,2021,5,0.8359,0.5427,0.4679,0.2,1.0498
IT,policy,2021,6,0.9112,0.5525,0.4711,0.2,0.6451
IT,policy,2021,7,1.0281,0.6044,0.4681,0.1,0.9675
IT,policy,2021,8,1.1673,0.6251,0.4753,0.1,0.3169
IT,policy,2021,9,1.4182,0.5884,0.4917,0.0,0.5172
IT,policy,2021,10,2.2931,0.5527,0.5105,0.0,0.6761
IT,policy,2022,1,0.3333,0.462,0.5741,0.4,0.5847
IT,policy,2022,2,0.5571,0.4686,0.475,0.4,0.9616
IT,policy,2022,3,0.6821,0.4788,0.4441,0.3,1.1913
IT,policy,2022,4,0.7615,0.4997,0.4472,0.3,0.9465
IT,policy,2022,5,0.8359,0.5125,0.4462,0.2,1.092
IT,policy,2022,6,0.9112,0.5318,0.4505,0.2,0.9462
IT,policy,2022,7,1.0281,0.6326,0.4475,0.1,0.615
IT,policy,2022,8,1.1673,0.5905,0.4549,0.1,0.5812
IT,policy,2022,9,1.4182,0.608,0.4715,0.0,0.4698
IT,policy,2022,10,2.2931,0.5682,0.5027,0.0,0.6551
IT,policy,2023,1,0.3333,0.3773,0.5712,0.4,0.5965
IT,policy,2023,2,0.5571,0.4439,0.4633,0.4,0.941
IT,policy,2023,3,0.6821,0.4507,0.4338,0.3,1.1586
IT,policy,2023,4,0.7615,0.4725,0.4383,0.3,1.9082
IT,policy,2023,5,0.8359,0.6472,0.4382,0.2,1.6771
IT,policy,2023,6,0.9112,0.6962,0.4465,0.2,-0.7972
IT,policy,2023,7,1.0281,0.569,0.4508,0.1,0.8985
IT,policy,2023,8,1.1673,0.5763,0.4588,0.1,0.5539
IT,policy,2023,9,1.4182,0.5804,0.4757,0.0,0.5745
IT,policy,2023,10,2.2931,0.5751,0.5056,0.0,0.6452
IT,policy,2024,1,0.3333,0.3432,0.4902,0.4,0.7453
IT,policy,2024,2,0.5571,0.4337,0.4255,0.4,1.071
IT,policy,2024,3,0.6821,0.4856,0.4013,0.3,1.2527
IT,policy,2024,4,0.7615,0.5093,0.4169,0.3,1.0283
IT,policy,2024,5,0.8359,0.5316,0.4311,0.2,1.0868
IT,policy,2024,6,0.9112,0.5451,0.4437,0.2,0.5219
IT,policy,2024,7,1.0281,0.5676,0.4517,0.1,0.9017
IT,policy,2024,8,1.1673,0.5756,0.4658,0.1,0.5526
IT,policy,2024,9,1.4182,0.5798,0.4809,0.0,0.5695
IT,policy,2024,10,2.2931,0.5703,0.5121,0.0,0.6522
IT,policy,2025,1,0.3333,0.4134,0.5073,0.4,0.7355
IT,policy,2025,2,0.5571,0.478,0.4856,0.4,0.7163
IT,policy,2025,3,0.6821,0.3525,0.4449,0.3,1.6883
IT,policy,2025,4,0.7615,0.5677,0.4516,0.3,1.1091
IT,policy,2025,5,0.8359,0.5969,0.4586,0.2,1.1367
IT,policy,2025,6,0.9112,0.6093,0.468,0.2,0.3098
IT,policy,2025,7,1.0281,0.6144,0.4723,0.1,0.8565
IT,policy,2025,8,1.1673,0.6161,0.4796,0.1,0.3435
IT,policy,2025,9,1.4182,0.5811,0.4956,0.0,0.5599
IT,policy,2025,10,2.2931,0.5665,0.5184,0.0,0.6576
IT,policy,2026,1,0.3333,0.3205,0.5106,0.4,0.7339
IT,policy,2026,2,0.5571,0.4547,0.4844,0.4,1.0261
IT,policy,2026,3,0.6821,0.5076,0.4394,0.3,1.4264
IT,policy,2026,4,0.7615,0.5674,0.4511,0.3,1.1466
IT,policy,2026,5,0.8359,0.6021,0.4574,0.2,1.0437
IT,policy,2026,6,0.9112,0.6023,0.4658,0.2,0.2931
IT,policy,2026,7,1.0281,0.6013,0.4684,0.1,0.7935
IT,policy,2026,8,1.1673,0.59,0.4744,0.1,0.4598
IT,policy,2026,9,1.4182,0.5732,0.4886,0.0,0.5888
IT,policy,2026,10,2.2931,0.5693,0.5135,0.0,0.6535
LU,policy,2009,1,0.2538,0.9603,0.683,0.4,-1.7072
LU,policy,2009,2,0.4581,0.7185,0.7558,0.4,0.1601
LU,policy,2009,3,0.545,0.6066,0.7064,0.3,0.4218
LU,policy,2009,4,0.6393,0.6222,0.6618,0.3,0.5367
LU,policy,2009,5,0.7396,0.6265,0.6492,0.2,0.5353
LU,policy,2009,6,0.8695,0.6304,0.6399,0.2,0.692
LU,policy,2009,7,1.0163,0.6317,0.6507,0.1,0.8127
LU,policy,2009,8,1.1915,0.6371,0.6357,0.1,0.4365
LU,policy,2009,9,1.5461,0.6473,0.6341,0.0,0.4699
LU,policy,2009,10,2.7321,0.539,0.6115,0.0,0.7306
LU,policy,2010,1,0.2538,0.9603,0.692,0.4,-1.8331
LU,policy,2010,2,0.4581,0.6837,0.7569,0.4,0.4658
LU,policy,2010,3,0.545,0.6551,0.7066,0.3,0.2726
LU,policy,2010,4,0.6393,0.6377,0.664,0.3,0.417
LU,policy,2010,5,0.7396,0.6194,0.652,0.2,0.5914
LU,policy,2010,6,0.8695,0.6352,0.643,0.2,0.7202
LU,policy,2010,7,1.0163,0.6425,0.6531,0.1,0.7462
LU,policy,2010,8,1.1915,0.6356,0.6388,0.1,0.4402
LU,policy,2010,9,1.5461,0.6468,0.6371,0.0,0.4734
LU,policy,2010,10,2.7321,0.5406,0.6124,0.0,0.729
LU,policy,2011,1,0.2538,0.9628,0.6894,0.4,-1.8823
LU,policy,2011,2,0.4581,0.7264,0.762,0.4,0.2082
LU,policy,2011,3,0.545,0.6326,0.7163,0.3,0.3706
LU,policy,2011,4,0.6393,0.6419,0.6725,0.3,0.4997
LU,policy,2011,5,0.7396,0.6428,0.6612,0.2,0.5125
LU,policy,2011,6,0.8695,0.6474,0.6528,0.2,0.649
LU,policy,2011,7,1.0163,0.644,0.6638,0.1,0.81
LU,policy,2011,8,1.1915,0.6508,0.6497,0.1,0.4057
LU,policy,2011,9,1.5461,0.6619,0.649,0.0,0.4454
LU,policy,2011,10,2.7321,0.5642,0.6285,0.0,0.7018
LU,policy,2012,1,0.2538,0.9632,0.6878,0.4,-1.9284
LU,policy,2012,2,0.4581,0.7165,0.7589,0.4,0.4239
LU,policy,2012,3,0.545,0.665,0.7143,0.3,0.225
LU,policy,2012,4,0.6393,0.6441,0.6724,0.3,0.4361
LU,policy,2012,5,0.7396,0.6336,0.6611,0.2,0.5327
LU,policy,2012,6,0.8695,0.6414,0.653,0.2,0.6851
LU,policy,2012,7,1.0163,0.6449,0.6627,0.1,0.7686
LU,policy,2012,8,1.1915,0.644,0.6488,0.1,0.4229
LU,policy,2012,9,1.5461,0.6563,0.6471,0.0,0.4625
LU,policy,2012,10,2.7321,0.5609,0.6259,0.0,0.7057
LU,policy,2013,1,0.2538,0.9638,0.6918,0.4,-1.9923
LU,policy,2013,2,0.4581,0.7173,0.761,0.4,0.5287
LU,policy,2013,3,0.545,0.6853,0.7193,0.3,0.1364
LU,policy,2013,4,0.6393,0.6535,0.6806,0.3,0.4052
LU,policy,2013,5,0.7396,0.6415,0.6697,0.2,0.5338
LU,policy,2013,6,0.8695,0.6527,0.6624,0.2,0.6521
LU,policy,2013,7,1.0163,0.6526,0.671,0.1,0.7669
LU,policy,2013,8,1.1915,0.653,0.6579,0.1,0.3898
LU,policy,2013,9,1.5461,0.6626,0.6561,0.0,0.4679
LU,policy,2013,10,2.7321,0.5841,0.6365,0.0,0.6765
LU,policy,2014,1,0.2538,0.9642,0.6982,0.4,-2.0333
LU,policy,2014,2,0.4581,0.7233,0.7667,0.4,0.5125
LU,policy,2014,3,0.545,0.6918,0.7265,0.3,0.1239
LU,policy,2014,4,0.6393,0.6634,0.6889,0.3,0.3777
LU,policy,2014,5,0.7396,0.6508,0.6781,0.2,0.4822
LU,policy,2014,6,0.8695,0.6561,0.6708,0.2,0.654
LU,policy,2014,7,1.0163,0.6588,0.6788,0.1,0.7515
LU,policy,2014,8,1.1915,0.6579,0.6658,0.1,0.3761
LU,policy,2014,9,1.5461,0.6682,0.6636,0.0,0.4482
LU,policy,2014,10,2.7321,0.5856,0.6437,0.0,0.6745
LU,policy,2015,1,0.2538,0.9613,0.6879,0.4,-1.8114
LU,policy,2015,2,0.4581,0.7126,0.7546,0.4,0.4199
LU,policy,2015,3,0.545,0.657,0.7134,0.3,0.2799
LU,policy,2015,4,0.6393,0.6456,0.6755,0.3,0.4186
LU,policy,2015,5,0.7396,0.6335,0.6645,0.2,0.5486
LU,policy,2015,6,0.8695,0.6454,0.6569,0.2,0.6222
LU,policy,2015,7,1.0163,0.6384,0.6653,0.1,0.8018
LU,policy,2015,8,1.1915,0.644,0.6516,0.1,0.4145
LU,policy,2015,9,1.5461,0.6547,0.6496,0.0,0.4749
LU,policy,2015,10,2.7321,0.5665,0.6279,0.0,0.699
LU,policy,2016,1,0.2538,0.9608,0.6918,0.4,-1.831
LU,policy,2016,2,0.4581,0.6991,0.7553,0.4,0.3775
LU,policy,2016,3,0.545,0.6428,0.7144,0.3,0.3426
LU,policy,2016,4,0.6393,0.6444,0.6768,0.3,0.4688
LU,policy,2016,5,0.7396,0.6419,0.6655,0.2,0.5266
LU,policy,2016,6,0.8695,0.6504,0.658,0.2,0.5759
LU,policy,2016,7,1.0163,0.635,0.6661,0.1,0.8271
LU,policy,2016,8,1.1915,0.6456,0.6526,0.1,0.4113
LU,policy,2016,9,1.5461,0.6564,0.6506,0.0,0.471
LU,policy,2016,10,2.7321,0.5684,0.6284,0.0,0.6966
LU,policy,2017,1,0.2538,0.9602,0.6724,0.4,-1.7101
LU,policy,2017,2,0.4581,0.7012,0.7438,0.4,0.4265
LU,policy,2017,3,0.545,0.639,0.7015,0.3,0.4055
LU,policy,2017,4,0.6393,0.6442,0.664,0.3,0.5038
LU,policy,2017,5,0.7396,0.6417,0.6541,0.2,0.5351
LU,policy,2017,6,0.8695,0.6481,0.6477,0.2,0.632
LU,policy,2017,7,1.0163,0.64,0.6583,0.1,0.8226
LU,policy,2017,8,1.1915,0.6484,0.6464,0.1,0.3945
LU,policy,2017,9,1.5461,0.6546,0.6463,0.0,0.4778
LU,policy,2017,10,2.7321,0.5683,0.6258,0.0,0.6967
LU,policy,2018,1,0.2538,0.9584,0.6839,0.4,-1.6922
LU,policy,2018,2,0.4581,0.6801,0.7466,0.4,0.4266
LU,policy,2018,3,0.545,0.6321,0.7045,0.3,0.4604
LU,policy,2018,4,0.6393,0.6502,0.668,0.3,0.5311
LU,policy,2018,5,0.7396,0.6536,0.6582,0.2,0.5017
LU,policy,2018,6,0.8695,0.6561,0.6526,0.2,0.5824
LU,policy,2018,7,1.0163,0.6406,0.6622,0.1,0.832
LU,policy,2018,8,1.1915,0.6512,0.6515,0.1,0.3866
LU,policy,2018,9,1.5461,0.6578,0.6512,0.0,0.4788
LU,policy,2018,10,2.7321,0.5786,0.6292,0.0,0.6837
LU,policy,2019,1,0.2538,0.96,0.6814,0.4,-1.8097
LU,policy,2019,2,0.4581,0.6669,0.751,0.4,0.517
LU,policy,2019,3,0.545,0.6506,0.7088,0.3,0.3921
LU,policy,2019,4,0.6393,0.6568,0.6725,0.3,0.4832
LU,policy,2019,5,0.7396,0.6538,0.6629,0.2,0.4811
LU,policy,2019,6,0.8695,0.6542,0.6567,0.2,0.6053
LU,policy,2019,7,1.0163,0.644,0.6658,0.1,0.811
LU,policy,2019,8,1.1915,0.6514,0.6545,0.1,0.3841
LU,policy,2019,9,1.5461,0.6581,0.6534,0.0,0.4713
LU,policy,2019,10,2.7321,0.5735,0.6318,0.0,0.6903
LU,policy,2020,1,0.2538,0.8735,0.833,0.4,-0.9648
LU,policy,2020,2,0.4581,0.7628,0.802,0.4,0.1424
LU,policy,2020,3,0.545,0.702,0.7457,0.3,-0.064
LU,policy,2020,4,0.6393,0.6574,0.7084,0.3,0.4529
LU,policy,2020,5,0.7396,0.6672,0.7018,0.2,0.3602
LU,policy,2020,6,0.8695,0.6616,0.6852,0.2,0.541
LU,policy,2020,7,1.0163,0.6495,0.6924,0.1,0.7921
LU,policy,2020,8,1.1915,0.658,0.6751,0.1,0.3483
LU,policy,2020,9,1.5461,0.6634,0.669,0.0,0.4615
LU,policy,2020,10,2.7321,0.5814,0.6409,0.0,0.68
LU,policy,2021,1,0.2538,0.8751,0.8323,0.4,-0.8189
LU,policy,2021,2,0.4581,0.7945,0.8017,0.4,-0.1696
LU,policy,2021,3,0.545,0.6761,0.7454,0.3,0.1522
LU,policy,2021,4,0.6393,0.6652,0.7102,0.3,0.3758
LU,policy,2021,5,0.7396,0.6635,0.7036,0.2,0.4034
LU,policy,2021,6,0.8695,0.6654,0.6873,0.2,0.5433
LU,policy,2021,7,1.0163,0.6547,0.6943,0.1,0.7957
LU,policy,2021,8,1.1915,0.664,0.6781,0.1,0.3276
LU,policy,2021,9,1.5461,0.6678,0.6726,0.0,0.4504
LU,policy,2021,10,2.7321,0.5862,0.6475,0.0,0.6737
LU,policy,2022,1,0.2538,0.8769,0.8198,0.4,-0.3113
LU,policy,2022,2,0.4581,0.8448,0.8032,0.4,-0.3827
LU,policy,2022,3,0.545,0.7003,0.7535,0.3,0.027
LU,policy,2022,4,0.6393,0.6765,0.7202,0.3,0.3211
LU,policy,2022,5,0.7396,0.6714,0.7146,0.2,0.3464
LU,policy,2022,6,0.8695,0.669,0.6967,0.2,0.5282
LU,policy,2022,7,1.0163,0.6591,0.7032,0.1,0.7564
LU,policy,2022,8,1.1915,0.6635,0.6854,0.1,0.3213
LU,policy,2022,9,1.5461,0.6673,0.6776,0.0,0.4582
LU,policy,2022,10,2.7321,0.5903,0.6484,0.0,0.6681
LU,policy,2023,1,0.2538,0.8704,0.8239,0.4,-0.8197
LU,policy,2023,2,0.4581,0.7633,0.8053,0.4,0.1735
LU,policy,2023,3,0.545,0.7112,0.7548,0.3,0.1589
LU,policy,2023,4,0.6393,0.7071,0.7189,0.3,0.1199
LU,policy,2023,5,0.7396,0.6733,0.7138,0.2,0.2777
LU,policy,2023,6,0.8695,0.6592,0.6946,0.2,0.5523
LU,policy,2023,7,1.0163,0.6526,0.701,0.1,0.7595
LU,policy,2023,8,1.1915,0.657,0.6814,0.1,0.3384
LU,policy,2023,9,1.5461,0.6608,0.6719,0.0,0.4869
LU,policy,2023,10,2.7321,0.593,0.6443,0.0,0.6643
LU,policy,2024,1,0.2538,0.8869,0.8441,0.4,-1.3277
LU,policy,2024,2,0.4581,0.7352,0.8127,0.4,-0.0204
LU,policy,2024,3,0.545,0.6799,0.7542,0.3,0.358
LU,policy,2024,4,0.6393,0.705,0.7179,0.3,0.0276
LU,policy,2024,5,0.7396,0.6561,0.7101,0.2,0.3484
LU,policy,2024,6,0.8695,0.6502,0.6913,0.2,0.5946
LU,policy,2024,7,1.0163,0.6499,0.6956,0.1,0.744
LU,policy,2024,8,1.1915,0.6505,0.6769,0.1,0.3453
LU,policy,2024,9,1.5461,0.6516,0.668,0.0,0.5016
LU,policy,2024,10,2.7321,0.5787,0.6349,0.0,0.6836
LU,policy,2025,1,0.2538,0.8843,0.8455,0.4,-1.3453
LU,policy,2025,2,0.4581,0.7305,0.8171,0.4,0.2892
LU,policy,2025,3,0.545,0.7279,0.7585,0.3,-0.2138
LU,policy,2025,4,0.6393,0.676,0.7233,0.3,0.2761
LU,policy,2025,5,0.7396,0.6661,0.7157,0.2,0.3036
LU,policy,2025,6,0.8695,0.6561,0.6966,0.2,0.5737
LU,policy,2025,7,1.0163,0.6539,0.7009,0.1,0.7197
LU,policy,2025,8,1.1915,0.6513,0.6816,0.1,0.3579
LU,policy,2025,9,1.5461,0.6575,0.6721,0.0,0.4788
LU,policy,2025,10,2.7321,0.5777,0.6387,0.0,0.6849
LU,policy,2026,1,0.2538,0.8904,0.8484,0.4,-1.1427
LU,policy,2026,2,0.4581,0.802,0.8211,0.4,-0.3019
LU,policy,2026,3,0.545,0.6961,0.7646,0.3,0.0427
LU,policy,2026,4,0.6393,0.6832,0.7287,0.3,0.2624
LU,policy,2026,5,0.7396,0.6742,0.7212,0.2,0.2867
LU,policy,2026,6,0.8695,0.665,0.7019,0.2,0.4703
LU,policy,2026,7,1.0163,0.6469,0.7066,0.1,0.7866
LU,policy,2026,8,1.1915,0.6573,0.6865,0.1,0.3308
LU,policy,2026,9,1.5461,0.6606,0.6766,0.0,0.4677
LU,policy,2026,10,2.7321,0.5781,0.6433,0.0,0.6844
NL,policy,2009,1,0.1687,0.9673,0.9686,0.4,-13.9924
NL,policy,2009,2,0.4281,0.6512,0.8658,0.4,-1.3598
NL,policy,2009,3,0.6203,0.6212,0.7327,0.3,0.3824
NL,policy,2009,4,0.7695,0.5875,0.6722,0.3,0.5576
NL,policy,2009,5,0.8914,0.5519,0.6162,0.2,0.9408
NL,policy,2009,6,0.9962,0.5524,0.5783,0.2,0.8986
NL,policy,2009,7,1.1031,0.5647,0.5756,0.1,0.6887
NL,policy,2009,8,1.249,0.5763,0.5697,0.1,0.6952
NL,policy,2009,9,1.4709,0.5983,0.5577,0.0,0.429
NL,policy,2009,10,2.2981,0.6008,0.5692,0.0,0.5819
NL,policy,2010,1,0.1687,0.9678,0.9684,0.4,-13.9613
NL,policy,2010,2,0.4281,0.6526,0.8707,0.4,-1.4668
NL,policy,2010,3,0.6203,0.6248,0.7372,0.3,0.3657
NL,policy,2010,4,0.7695,0.591,0.6762,0.3,0.5472
NL,policy,2010,5,0.8914,0.555,0.619,0.2,0.9233
NL,policy,2010,6,0.9962,0.552,0.581,0.2,0.8983
NL,policy,2010,7,1.1031,0.5648,0.5786,0.1,0.7057
NL,policy,2010,8,1.249,0.5803,0.5726,0.1,0.6818
NL,policy,2010,9,1.4709,0.6001,0.5606,0.0,0.4207
NL,policy,2010,10,2.2981,0.6003,0.5709,0.0,0.5828
NL,policy,2011,1,0.1687,0.9579,0.9674,0.4,-12.8427
NL,policy,2011,2,0.4281,0.6527,0.8666,0.4,-1.3707
NL,policy,2011,3,0.6203,0.6253,0.7343,0.3,0.3712
NL,policy,2011,4,0.7695,0.5892,0.6735,0.3,0.5433
NL,policy,2011,5,0.8914,0.5504,0.6162,0.2,0.9418
NL,policy,2011,6,0.9962,0.5515,0.5779,0.2,0.9024
NL,policy,2011,7,1.1031,0.5645,0.5757,0.1,0.7057
NL,policy,2011,8,1.249,0.5796,0.5697,0.1,0.6755
NL,policy,2011,9,1.4709,0.5974,0.5577,0.0,0.4271
NL,policy,2011,10,2.2981,0.5976,0.568,0.0,0.5875
NL,policy,2012,1,0.1687,0.9573,0.9644,0.4,-11.7751
NL,policy,2012,2,0.4281,0.6457,0.8686,0.4,-1.3793
NL,policy,2012,3,0.6203,0.6369,0.7308,0.3,0.5084
NL,policy,2012,4,0.7695,0.633,0.6731,0.3,0.6004
NL,policy,2012,5,0.8914,0.6006,0.62,0.2,0.9315
NL,policy,2012,6,0.9962,0.5903,0.585,0.2,0.834
NL,policy,2012,7,1.1031,0.5888,0.5855,0.1,0.6331
NL,policy,2012,8,1.249,0.5942,0.5805,0.1,0.5873
NL,policy,2012,9,1.4709,0.5951,0.5671,0.0,0.4322
NL,policy,2012,10,2.2981,0.5952,0.5731,0.0,0.5916
NL,policy,2013,1,0.1687,0.9482,0.9679,0.4,-12.5427
NL,policy,2013,2,0.4281,0.6826,0.8669,0.4,-1.4198
NL,policy,2013,3,0.6203,0.6264,0.7288,0.3,0.5103
NL,policy,2013,4,0.7695,0.6246,0.6696,0.3,0.6224
NL,policy,2013,5,0.8914,0.5964,0.6149,0.2,1.0172
NL,policy,2013,6,0.9962,0.6008,0.58,0.2,0.9141
NL,policy,2013,7,1.1031,0.6096,0.5819,0.1,0.5599
NL,policy,2013,8,1.249,0.6052,0.579,0.1,0.5836
NL,policy,2013,9,1.4709,0.608,0.5677,0.0,0.3811
NL,policy,2013,10,2.2981,0.5969,0.5751,0.0,0.5887
NL,policy,2014,1,0.1687,0.9432,0.9661,0.4,-11.6931
NL,policy,2014,2,0.4281,0.6913,0.8639,0.4,-1.3232
NL,policy,2014,3,0.6203,0.6447,0.7268,0.3,0.4978
NL,policy,2014,4,0.7695,0.6312,0.669,0.3,0.6662
NL,policy,2014,5,0.8914,0.6106,0.6146,0.2,1.0246
NL,policy,2014,6,0.9962,0.6127,0.5809,0.2,0.9001
NL,policy,2014,7,1.1031,0.6184,0.5836,0.1,0.5787
NL,policy,2014,8,1.249,0.6193,0.5814,0.1,0.5691
NL,policy,2014,9,1.4709,0.6229,0.5721,0.0,0.3172
NL,policy,2014,10,2.2981,0.5985,0.5807,0.0,0.5858
NL,policy,2015,1,0.1687,0.9332,0.9636,0.4,-10.7243
NL,policy,2015,2,0.4281,0.6202,0.8659,0.4,-1.282
NL,policy,2015,3,0.6203,0.6395,0.7295,0.3,0.4349
NL,policy,2015,4,0.7695,0.613,0.6685,0.3,0.6742
NL,policy,2015,5,0.8914,0.5981,0.6104,0.2,1.0528
NL,policy,2015,6,0.9962,0.6069,0.5755,0.2,0.9025
NL,policy,2015,7,1.1031,0.6127,0.5779,0.1,0.6234
NL,policy,2015,8,1.249,0.6196,0.5758,0.1,0.614
NL,policy,2015,9,1.4709,0.632,0.5673,0.0,0.2881
NL,policy,2015,10,2.2981,0.6066,0.5814,0.0,0.5716
NL,policy,2016,1,0.1687,0.9262,0.9626,0.4,-10.3085
NL,policy,2016,2,0.4281,0.5931,0.85,0.4,-0.8723
NL,policy,2016,3,0.6203,0.6637,0.7165,0.3,0.552
NL,policy,2016,4,0.7695,0.6476,0.6631,0.3,0.7167
NL,policy,2016,5,0.8914,0.6302,0.6087,0.2,0.9554
NL,policy,2016,6,0.9962,0.6163,0.5758,0.2,0.8611
NL,policy,2016,7,1.1031,0.6152,0.5783,0.1,0.5844
NL,policy,2016,8,1.249,0.616,0.5752,0.1,0.6061
NL,policy,2016,9,1.4709,0.6259,0.566,0.0,0.3324
NL,policy,2016,10,2.2981,0.6148,0.5821,0.0,0.5565
NL,policy,2017,1,0.1687,0.9254,0.9623,0.4,-10.2192
NL,policy,2017,2,0.4281,0.595,0.8506,0.4,-0.8552
NL,policy,2017,3,0.6203,0.6737,0.7174,0.3,0.534
NL,policy,2017,4,0.7695,0.6512,0.6646,0.3,0.6973
NL,policy,2017,5,0.8914,0.6301,0.6097,0.2,0.954
NL,policy,2017,6,0.9962,0.6162,0.576,0.2,0.8608
NL,policy,2017,7,1.1031,0.6151,0.5787,0.1,0.5763
NL,policy,2017,8,1.249,0.6145,0.5754,0.1,0.6042
NL,policy,2017,9,1.4709,0.6237,0.5658,0.0,0.3496
NL,policy,2017,10,2.2981,0.6185,0.5822,0.0,0.5495
NL,policy,2018,1,0.1687,0.9254,0.9623,0.4,-10.1986
NL,policy,2018,2,0.4281,0.5978,0.8535,0.4,-0.9038
NL,policy,2018,3,0.6203,0.6757,0.7202,0.3,0.5306
NL,policy,2018,4,0.7695,0.6543,0.6671,0.3,0.6896
NL,policy,2018,5,0.8914,0.6323,0.6119,0.2,0.9499
NL,policy,2018,6,0.9962,0.6179,0.578,0.2,0.8483
NL,policy,2018,7,1.1031,0.6152,0.5806,0.1,0.5797
NL,policy,2018,8,1.249,0.6154,0.5772,0.1,0.5965
NL,policy,2018,9,1.4709,0.6234,0.5672,0.0,0.3521
NL,policy,2018,10,2.2981,0.6192,0.5832,0.0,0.5483
NL,policy,2019,1,0.1687,0.9573,0.9677,0.4,-12.877
NL,policy,2019,2,0.4281,0.6793,0.8461,0.4,-0.8857
NL,policy,2019,3,0.6203,0.6733,0.7171,0.3,0.5762
NL,policy,2019,4,0.7695,0.6603,0.6647,0.3,0.6981
NL,policy,2019,5,0.8914,0.6375,0.6101,0.2,0.9529
NL,policy,2019,6,0.9962,0.6223,0.5765,0.2,0.8896
NL,policy,2019,7,1.1031,0.6248,0.58,0.1,0.5871
NL,policy,2019,8,1.249,0.628,0.5779,0.1,0.5552
NL,policy,2019,9,1.4709,0.6307,0.5697,0.0,0.2934
NL,policy,2019,10,2.2981,0.606,0.5817,0.0,0.5728
NL,policy,2020,1,0.1687,0.9194,0.9534,0.4,-8.1236
NL,policy,2020,2,0.4281,0.5533,0.8492,0.4,-0.829
NL,policy,2020,3,0.6203,0.6611,0.7085,0.3,0.6249
NL,policy,2020,4,0.7695,0.6562,0.6566,0.3,0.7349
NL,policy,2020,5,0.8914,0.637,0.6035,0.2,0.9679
NL,policy,2020,6,0.9962,0.6229,0.5704,0.2,0.8751
NL,policy,2020,7,1.1031,0.6224,0.5747,0.1,0.6121
NL,policy,2020,8,1.249,0.6288,0.5731,0.1,0.5318
NL,policy,2020,9,1.4709,0.6262,0.5648,0.0,0.2935
NL,policy,2020,10,2.2981,0.5937,0.5752,0.0,0.594
NL,policy,2021,1,0.1687,0.9157,0.9491,0.4,-7.3172
NL,policy,2021,2,0.4281,0.5844,0.8415,0.4,-0.7282
NL,policy,2021,3,0.6203,0.6609,0.7031,0.3,0.6536
NL,policy,2021,4,0.7695,0.6584,0.6522,0.3,0.7429
NL,policy,2021,5,0.8914,0.6382,0.5998,0.2,1.006
NL,policy,2021,6,0.9962,0.6288,0.5669,0.2,0.9135
NL,policy,2021,7,1.1031,0.6325,0.5719,0.1,0.5485
NL,policy,2021,8,1.249,0.6303,0.571,0.1,0.54
NL,policy,2021,9,1.4709,0.6297,0.5631,0.0,0.2781
NL,policy,2021,10,2.2981,0.5944,0.5754,0.0,0.5929
NL,policy,2022,1,0.1687,0.9532,0.9641,0.4,-11.5055
NL,policy,2022,2,0.4281,0.6163,0.8288,0.4,-0.5848
NL,policy,2022,3,0.6203,0.6568,0.6957,0.3,0.6526
NL,policy,2022,4,0.7695,0.6499,0.6441,0.3,0.7397
NL,policy,2022,5,0.8914,0.6273,0.5909,0.2,1.0292
NL,policy,2022,6,0.9962,0.6218,0.5577,0.2,0.8931
NL,policy,2022,7,1.1031,0.6221,0.5632,0.1,0.5536
NL,policy,2022,8,1.249,0.6177,0.5627,0.1,0.6221
NL,policy,2022,9,1.4709,0.6299,0.5547,0.0,0.2645
NL,policy,2022,10,2.2981,0.5868,0.5675,0.0,0.6054
NL,policy,2023,1,0.1687,0.9542,0.9633,0.4,-11.3065
NL,policy,2023,2,0.4281,0.6306,0.8288,0.4,-0.5516
NL,policy,2023,3,0.6203,0.6742,0.6935,0.3,0.6788
NL,policy,2023,4,0.7695,0.6655,0.6431,0.3,0.731
NL,policy,2023,5,0.8914,0.6379,0.5895,0.2,1.0196
NL,policy,2023,6,0.9962,0.6288,0.5555,0.2,0.8931
NL,policy,2023,7,1.1031,0.6282,0.5624,0.1,0.5609
NL,policy,2023,8,1.249,0.6263,0.5633,0.1,0.5891
NL,policy,2023,9,1.4709,0.6337,0.5547,0.0,0.2428
NL,policy,2023,10,2.2981,0.585,0.5674,0.0,0.6085
NL,policy,2024,1,0.1687,0.9608,0.9647,0.4,-12.0783
NL,policy,2024,2,0.4281,0.6585,0.856,0.4,-1.0557
NL,policy,2024,3,0.6203,0.6651,0.699,0.3,0.6792
NL,policy,2024,4,0.7695,0.6637,0.6433,0.3,0.8428
NL,policy,2024,5,0.8914,0.6555,0.5858,0.2,1.0734
NL,policy,2024,6,0.9962,0.6498,0.551,0.2,0.8721
NL,policy,2024,7,1.1031,0.6445,0.5606,0.1,0.4711
NL,policy,2024,8,1.249,0.6322,0.5637,0.1,0.571
NL,policy,2024,9,1.4709,0.6375,0.5537,0.0,0.2403
NL,policy,2024,10,2.2981,0.5949,0.5704,0.0,0.592
NL,policy,2025,1,0.1687,0.9601,0.9653,0.4,-12.229
NL,policy,2025,2,0.4281,0.6507,0.8587,0.4,-1.1157
NL,policy,2025,3,0.6203,0.6593,0.6991,0.3,0.6732
NL,policy,2025,4,0.7695,0.6587,0.643,0.3,0.8715
NL,policy,2025,5,0.8914,0.6564,0.5854,0.2,1.0801
NL,policy,2025,6,0.9962,0.6514,0.5508,0.2,0.8779
NL,policy,2025,7,1.1031,0.6467,0.5609,0.1,0.4951
NL,policy,2025,8,1.249,0.6387,0.5644,0.1,0.5316
NL,policy,2025,9,1.4709,0.638,0.5551,0.0,0.2417
NL,policy,2025,10,2.2981,0.5973,0.5723,0.0,0.5879
NL,policy,2026,1,0.1687,0.9613,0.9652,0.4,-12.2637
NL,policy,2026,2,0.4281,0.6605,0.8651,0.4,-1.2786
NL,policy,2026,3,0.6203,0.6536,0.7033,0.3,0.6672
NL,policy,2026,4,0.7695,0.6571,0.6448,0.3,0.831
NL,policy,2026,5,0.8914,0.6493,0.5855,0.2,1.1313
NL,policy,2026,6,0.9962,0.6524,0.5498,0.2,0.8818
NL,policy,2026,7,1.1031,0.648,0.5605,0.1,0.5328
NL,policy,2026,8,1.249,0.6459,0.5643,0.1,0.4848
NL,policy,2026,9,1.4709,0.6384,0.5553,0.0,0.242
NL,policy,2026,10,2.2981,0.5986,0.5729,0.0,0.5858
PT,policy,2009,1,0.2117,0.7262,0.7931,0.4,-0.4414
PT,policy,2009,2,0.4603,0.66,0.7107,0.4,0.5073
PT,policy,2009,3,0.5424,0.5596,0.6919,0.3,0.6535
PT,policy,2009,4,0.6072,0.5572,0.6743,0.3,0.2164
PT,policy,2009,5,0.6829,0.5294,0.6259,0.2,0.5958
PT,policy,2009,6,0.7714,0.5253,0.58,0.2,0.632
PT,policy,2009,7,0.9045,0.5472,0.5593,0.1,0.7467
PT,policy,2009,8,1.0835,0.5452,0.5565,0.1,0.7042
PT,policy,2009,9,1.4605,0.5865,0.5547,0.0,0.7218
PT,policy,2009,10,3.2445,0.597,0.5782,0.0,0.7306
PT,policy,2010,1,0.2117,0.7257,0.793,0.4,-0.4768
PT,policy,2010,2,0.4603,0.6353,0.7112,0.4,0.6268
PT,policy,2010,3,0.5424,0.5828,0.6924,0.3,0.5109
PT,policy,2010,4,0.6072,0.5447,0.6752,0.3,0.3211
PT,policy,2010,5,0.6829,0.5412,0.6272,0.2,0.5933
PT,policy,2010,6,0.7714,0.5378,0.5821,0.2,0.566
PT,policy,2010,7,0.9045,0.5432,0.5623,0.1,0.7759
PT,policy,2010,8,1.0835,0.5514,0.5596,0.1,0.7159
PT,policy,2010,9,1.4605,0.5999,0.5587,0.0,0.6983
PT,policy,2010,10,3.2445,0.6039,0.584,0.0,0.7227
PT,policy,2011,1,0.2117,0.754,0.7966,0.4,-0.5966
PT,policy,2011,2,0.4603,0.601,0.7032,0.4,0.524
PT,policy,2011,3,0.5424,0.5288,0.6817,0.3,0.6096
PT,policy,2011,4,0.6072,0.5173,0.6636,0.3,0.6569
PT,policy,2011,5,0.6829,0.5811,0.6231,0.2,0.6469
PT,policy,2011,6,0.7714,0.5899,0.5868,0.2,0.3956
PT,policy,2011,7,0.9045,0.5637,0.5742,0.1,0.7694
PT,policy,2011,8,1.0835,0.5745,0.5724,0.1,0.6809
PT,policy,2011,9,1.4605,0.6175,0.5751,0.0,0.6874
PT,policy,2011,10,3.2445,0.6307,0.6048,0.0,0.6894
PT,policy,2012,1,0.2117,0.7217,0.7972,0.4,-0.56
PT,policy,2012,2,0.4603,0.5962,0.7014,0.4,0.512
PT,policy,2012,3,0.5424,0.5202,0.6795,0.3,0.9521
PT,policy,2012,4,0.6072,0.5846,0.6615,0.3,0.0659
PT,policy,2012,5,0.6829,0.5179,0.621,0.2,0.6797
PT,policy,2012,6,0.7714,0.5334,0.5831,0.2,0.6016
PT,policy,2012,7,0.9045,0.5485,0.5684,0.1,0.7694
PT,policy,2012,8,1.0835,0.5564,0.5649,0.1,0.6822
PT,policy,2012,9,1.4605,0.5932,0.5644,0.0,0.7211
PT,policy,2012,10,3.2445,0.6097,0.5883,0.0,0.7159
PT,policy,2013,1,0.2117,0.699,0.7917,0.4,-0.5456
PT,policy,2013,2,0.4603,0.5301,0.6641,0.4,0.7029
PT,policy,2013,3,0.5424,0.5124,0.6417,0.3,1.0757
PT,policy,2013,4,0.6072,0.5851,0.6241,0.3,0.3037
PT,policy,2013,5,0.6829,0.5542,0.6015,0.2,0.719
PT,policy,2013,6,0.7714,0.5722,0.5834,0.2,0.6052
PT,policy,2013,7,0.9045,0.5927,0.5789,0.1,0.7461
PT,policy,2013,8,1.0835,0.6008,0.5807,0.1,0.593
PT,policy,2013,9,1.4605,0.6213,0.5883,0.0,0.6952
PT,policy,2013,10,3.2445,0.6437,0.6159,0.0,0.6714
PT,policy,2014,1,0.2117,0.7096,0.7933,0.4,-0.5795
PT,policy,2014,2,0.4603,0.5211,0.667,0.4,0.6662
PT,policy,2014,3,0.5424,0.5001,0.6444,0.3,1.1468
PT,policy,2014,4,0.6072,0.5931,0.6265,0.3,0.268
PT,policy,2014,5,0.6829,0.5572,0.6037,0.2,0.7071
PT,policy,2014,6,0.7714,0.5732,0.5854,0.2,0.6046
PT,policy,2014,7,0.9045,0.5941,0.5807,0.1,0.7462
PT,policy,2014,8,1.0835,0.6028,0.5824,0.1,0.6145
PT,policy,2014,9,1.4605,0.6321,0.5897,0.0,0.6675
PT,policy,2014,10,3.2445,0.6452,0.6174,0.0,0.6693
PT,policy,2015,1,0.2117,0.7008,0.794,0.4,-0.5569
PT,policy,2015,2,0.4603,0.5433,0.6651,0.4,0.7766
PT,policy,2015,3,0.5424,0.542,0.6411,0.3,1.0062
PT,policy,2015,4,0.6072,0.5881,0.6197,0.3,0.2862
PT,policy,2015,5,0.6829,0.552,0.5962,0.2,0.7199
PT,policy,2015,6,0.7714,0.5688,0.5792,0.2,0.6301
PT,policy,2015,7,0.9045,0.5936,0.5734,0.1,0.7414
PT,policy,2015,8,1.0835,0.5998,0.5756,0.1,0.596
PT,policy,2015,9,1.4605,0.6199,0.5846,0.0,0.7034
PT,policy,2015,10,3.2445,0.6467,0.6115,0.0,0.667
PT,policy,2016,1,0.2117,0.7162,0.7972,0.4,-0.5426
PT,policy,2016,2,0.4603,0.6059,0.7005,0.4,0.8119
PT,policy,2016,3,0.5424,0.6068,0.6781,0.3,0.6017
PT,policy,2016,4,0.6072,0.5748,0.6647,0.3,0.2837
PT,policy,2016,5,0.6829,0.559,0.6282,0.2,0.5744
PT,policy,2016,6,0.7714,0.5528,0.5971,0.2,0.619
PT,policy,2016,7,0.9045,0.5789,0.5857,0.1,0.757
PT,policy,2016,8,1.0835,0.5896,0.5842,0.1,0.604
PT,policy,2016,9,1.4605,0.6106,0.5877,0.0,0.7263
PT,policy,2016,10,3.2445,0.6458,0.614,0.0,0.6684
PT,policy,2017,1,0.2117,0.6974,0.7958,0.4,-0.5866
PT,policy,2017,2,0.4603,0.5242,0.6866,0.4,0.5373
PT,policy,2017,3,0.5424,0.4801,0.6562,0.3,0.5709
PT,policy,2017,4,0.6072,0.4484,0.6315,0.3,0.5415
PT,policy,2017,5,0.6829,0.4751,0.5739,0.2,0.5158
PT,policy,2017,6,0.7714,0.4134,0.5221,0.2,0.6825
PT,policy,2017,7,0.9045,0.4163,0.4955,0.1,0.8288
PT,policy,2017,8,1.0835,0.4153,0.481,0.1,0.7565
PT,policy,2017,9,1.4605,0.4162,0.461,0.0,0.8533
PT,policy,2017,10,3.2445,0.4141,0.4349,0.0,0.8715
PT,policy,2018,1,0.2117,0.6824,0.7944,0.4,-0.5676
PT,policy,2018,2,0.4603,0.5118,0.6841,0.4,0.5042
PT,policy,2018,3,0.5424,0.4578,0.6539,0.3,0.7657
PT,policy,2018,4,0.6072,0.4899,0.6287,0.3,0.3928
PT,policy,2018,5,0.6829,0.4698,0.5713,0.2,0.6444
PT,policy,2018,6,0.7714,0.4541,0.5198,0.2,0.571
PT,policy,2018,7,0.9045,0.415,0.4935,0.1,0.8301
PT,policy,2018,8,1.0835,0.4141,0.4792,0.1,0.7579
PT,policy,2018,9,1.4605,0.4149,0.4593,0.0,0.8537
PT,policy,2018,10,3.2445,0.4122,0.4334,0.0,0.8725
PT,policy,2019,1,0.2117,0.676,0.7906,0.4,-0.5349
PT,policy,2019,2,0.4603,0.4999,0.6799,0.4,0.5163
PT,policy,2019,3,0.5424,0.4517,0.649,0.3,0.6076
PT,policy,2019,4,0.6072,0.4326,0.6251,0.3,0.4205
PT,policy,2019,5,0.6829,0.4127,0.5678,0.2,0.7035
PT,policy,2019,6,0.7714,0.4127,0.5165,0.2,0.6814
PT,policy,2019,7,0.9045,0.4127,0.4898,0.1,0.8337
PT,policy,2019,8,1.0835,0.4127,0.4766,0.1,0.7739
PT,policy,2019,9,1.4605,0.4258,0.4581,0.0,0.8414
PT,policy,2019,10,3.2445,0.4127,0.4339,0.0,0.8722
PT,policy,2020,1,0.2117,0.6718,0.7867,0.4,-0.5029
PT,policy,2020,2,0.4603,0.4909,0.674,0.4,0.5085
PT,policy,2020,3,0.5424,0.4346,0.6427,0.3,0.6157
PT,policy,2020,4,0.6072,0.417,0.6185,0.3,0.4582
PT,policy,2020,5,0.6829,0.405,0.5609,0.2,0.7119
PT,policy,2020,6,0.7714,0.405,0.5093,0.2,0.6907
PT,policy,2020,7,0.9045,0.405,0.4826,0.1,0.8386
PT,policy,2020,8,1.0835,0.405,0.4693,0.1,0.7691
PT,policy,2020,9,1.4605,0.4077,0.4512,0.0,0.858
PT,policy,2020,10,3.2445,0.405,0.4264,0.0,0.8762
PT,policy,2021,1,0.2117,0.6674,0.7825,0.4,-0.4493
PT,policy,2021,2,0.4603,0.5086,0.6686,0.4,0.5828
PT,policy,2021,3,0.5424,0.4651,0.6355,0.3,0.7387
PT,policy,2021,4,0.6072,0.4742,0.6116,0.3,0.3131
PT,policy,2021,5,0.6829,0.4111,0.5571,0.2,0.715
PT,policy,2021,6,0.7714,0.4111,0.5079,0.2,0.7174
PT,policy,2021,7,0.9045,0.4243,0.4825,0.1,0.826
PT,policy,2021,8,1.0835,0.4202,0.4702,0.1,0.7582
PT,policy,2021,9,1.4605,0.4218,0.4539,0.0,0.8462
PT,policy,2021,10,3.2445,0.413,0.4306,0.0,0.872
PT,policy,2022,1,0.2117,0.6418,0.776,0.4,-0.4071
PT,policy,2022,2,0.4603,0.4622,0.6567,0.4,0.5758
PT,policy,2022,3,0.5424,0.4279,0.6236,0.3,0.7477
PT,policy,2022,4,0.6072,0.4435,0.5982,0.3,0.5126
PT,policy,2022,5,0.6829,0.4387,0.5466,0.2,0.7204
PT,policy,2022,6,0.7714,0.4383,0.5016,0.2,0.6243
PT,policy,2022,7,0.9045,0.4118,0.4795,0.1,0.8463
PT,policy,2022,8,1.0835,0.4168,0.4679,0.1,0.762
PT,policy,2022,9,1.4605,0.4191,0.4529,0.0,0.8487
PT,policy,2022,10,3.2445,0.4118,0.4316,0.0,0.8727
PT,policy,2023,1,0.2117,0.6403,0.7981,0.4,-0.6002
PT,policy,2023,2,0.4603,0.4644,0.6727,0.4,0.5222
PT,policy,2023,3,0.5424,0.4302,0.6395,0.3,0.6135
PT,policy,2023,4,0.6072,0.4101,0.6077,0.3,0.6088
PT,policy,2023,5,0.6829,0.4452,0.5542,0.2,0.7115
PT,policy,2023,6,0.7714,0.4447,0.5084,0.2,0.5955
PT,policy,2023,7,0.9045,0.4092,0.4869,0.1,0.8755
PT,policy,2023,8,1.0835,0.4322,0.4739,0.1,0.7231
PT,policy,2023,9,1.4605,0.4116,0.4618,0.0,0.8559
PT,policy,2023,10,3.2445,0.4093,0.4349,0.0,0.874
PT,policy,2024,1,0.2117,0.6298,0.764,0.4,-0.3203
PT,policy,2024,2,0.4603,0.4402,0.6449,0.4,0.5976
PT,policy,2024,3,0.5424,0.4125,0.6093,0.3,0.7192
PT,policy,2024,4,0.6072,0.4125,0.5875,0.3,0.6208
PT,policy,2024,5,0.6829,0.4387,0.5386,0.2,0.6655
PT,policy,2024,6,0.7714,0.4142,0.4975,0.2,0.7168
PT,policy,2024,7,0.9045,0.4238,0.4772,0.1,0.8158
PT,policy,2024,8,1.0835,0.4125,0.4678,0.1,0.7697
PT,policy,2024,9,1.4605,0.4191,0.4524,0.0,0.8491
PT,policy,2024,10,3.2445,0.4125,0.4311,0.0,0.8723
PT,policy,2025,1,0.2117,0.6289,0.7592,0.4,-0.2888
PT,policy,2025,2,0.4603,0.4349,0.6379,0.4,0.6251
PT,policy,2025,3,0.5424,0.414,0.6024,0.3,0.7337
PT,policy,2025,4,0.6072,0.414,0.5815,0.3,0.5763
PT,policy,2025,5,0.6829,0.4203,0.5357,0.2,0.7496
PT,policy,2025,6,0.7714,0.4262,0.4958,0.2,0.6663
PT,policy,2025,7,0.9045,0.414,0.4768,0.1,0.8437
PT,policy,2025,8,1.0835,0.4172,0.4675,0.1,0.7569
PT,policy,2025,9,1.4605,0.4153,0.4522,0.0,0.8559
PT,policy,2025,10,3.2445,0.4171,0.4317,0.0,0.8698
PT,policy,2026,1,0.2117,0.6133,0.7581,0.4,-0.2713
PT,policy,2026,2,0.4603,0.4336,0.6358,0.4,0.6569
PT,policy,2026,3,0.5424,0.4263,0.6004,0.3,0.7386
PT,policy,2026,4,0.6072,0.4232,0.5797,0.3,0.594
PT,policy,2026,5,0.6829,0.4349,0.5344,0.2,0.7103
PT,policy,2026,6,0.7714,0.4261,0.4949,0.2,0.6673
PT,policy,2026,7,0.9045,0.414,0.4761,0.1,0.8634
PT,policy,2026,8,1.0835,0.4284,0.467,0.1,0.7368
PT,policy,2026,9,1.4605,0.4153,0.4518,0.0,0.856
PT,policy,2026,10,3.2445,0.4172,0.4315,0.0,0.8698
ES,policy,2009,1,0.2781,0.3377,0.3573,0.4,0.8956
ES,policy,2009,2,0.4515,0.3944,0.3533,0.4,0.9285
ES,policy,2009,3,0.5789,0.4088,0.3711,0.3,1.0619
ES,policy,2009,4,0.6739,0.439,0.382,0.3,0.9207
ES,policy,2009,5,0.7638,0.4381,0.3889,0.2,0.7922
ES,policy,2009,6,0.8747,0.4459,0.3976,0.2,0.9296
ES,policy,2009,7,1.0182,0.4534,0.4039,0.1,0.8322
ES,policy,2009,8,1.2123,0.4569,0.414,0.1,0.6976
ES,policy,2009,9,1.5353,0.3847,0.4169,0.0,0.8198
ES,policy,2009,10,2.5896,0.32,0.3871,0.0,0.8844
ES,policy,2010,1,0.2781,0.3558,0.3701,0.4,0.9029
ES,policy,2010,2,0.4515,0.4267,0.3688,0.4,0.9391
ES,policy,2010,3,0.5789,0.4447,0.389,0.3,1.0385
ES,policy,2010,4,0.6739,0.4564,0.4004,0.3,0.8762
ES,policy,2010,5,0.7638,0.4421,0.4061,0.2,0.7564
ES,policy,2010,6,0.8747,0.4392,0.4116,0.2,0.9083
ES,policy,2010,7,1.0182,0.4424,0.4151,0.1,0.8311
ES,policy,2010,8,1.2123,0.4447,0.421,0.1,0.6805
ES,policy,2010,9,1.5353,0.3503,0.4184,0.0,0.8455
ES,policy,2010,10,2.5896,0.2903,0.3771,0.0,0.8995
ES,policy,2011,1,0.2781,0.3514,0.3653,0.4,0.9004
ES,policy,2011,2,0.4515,0.4161,0.3654,0.4,0.9593
ES,policy,2011,3,0.5789,0.4504,0.3851,0.3,1.0012
ES,policy,2011,4,0.6739,0.4427,0.3967,0.3,0.8858
ES,policy,2011,5,0.7638,0.4325,0.4023,0.2,0.7763
ES,policy,2011,6,0.8747,0.4358,0.4078,0.2,0.9088
ES,policy,2011,7,1.0182,0.4386,0.4111,0.1,0.836
ES,policy,2011,8,1.2123,0.4421,0.4171,0.1,0.6716
ES,policy,2011,9,1.5353,0.3364,0.4133,0.0,0.8588
ES,policy,2011,10,2.5896,0.2864,0.3717,0.0,0.9014
ES,policy,2012,1,0.2781,0.3519,0.3679,0.4,0.899
ES,policy,2012,2,0.4515,0.4177,0.3687,0.4,0.9802
ES,policy,2012,3,0.5789,0.4667,0.3896,0.3,0.9735
ES,policy,2012,4,0.6739,0.4432,0.4019,0.3,0.9023
ES,policy,2012,5,0.7638,0.4407,0.4076,0.2,0.7762
ES,policy,2012,6,0.8747,0.4465,0.4138,0.2,0.912
ES,policy,2012,7,1.0182,0.451,0.4178,0.1,0.8389
ES,policy,2012,8,1.2123,0.4594,0.4251,0.1,0.6578
ES,policy,2012,9,1.5353,0.3585,0.4231,0.0,0.8523
ES,policy,2012,10,2.5896,0.3217,0.3887,0.0,0.8835
ES,policy,2013,1,0.2781,0.3616,0.3775,0.4,0.8929
ES,policy,2013,2,0.4515,0.4254,0.3785,0.4,0.9832
ES,policy,2013,3,0.5789,0.4782,0.3991,0.3,0.9642
ES,policy,2013,4,0.6739,0.4506,0.4112,0.3,0.9012
ES,policy,2013,5,0.7638,0.4495,0.4168,0.2,0.767
ES,policy,2013,6,0.8747,0.455,0.4229,0.2,0.9087
ES,policy,2013,7,1.0182,0.4596,0.4269,0.1,0.8343
ES,policy,2013,8,1.2123,0.4687,0.434,0.1,0.6843
ES,policy,2013,9,1.5353,0.3991,0.4356,0.0,0.8081
ES,policy,2013,10,2.5896,0.3322,0.4032,0.0,0.8778
ES,policy,2014,1,0.2781,0.3648,0.3808,0.4,0.8916
ES,policy,2014,2,0.4515,0.4291,0.3822,0.4,0.9839
ES,policy,2014,3,0.5789,0.4826,0.4028,0.3,0.9597
ES,policy,2014,4,0.6739,0.4532,0.4148,0.3,0.9016
ES,policy,2014,5,0.7638,0.4529,0.4202,0.2,0.7629
ES,policy,2014,6,0.8747,0.4581,0.4263,0.2,0.9084
ES,policy,2014,7,1.0182,0.463,0.4303,0.1,0.8327
ES,policy,2014,8,1.2123,0.4725,0.4373,0.1,0.6916
ES,policy,2014,9,1.5353,0.4116,0.4419,0.0,0.7934
ES,policy,2014,10,2.5896,0.3362,0.4118,0.0,0.8756
ES,policy,2015,1,0.2781,0.3777,0.3822,0.4,0.8883
ES,policy,2015,2,0.4515,0.4309,0.3841,0.4,0.9447
ES,policy,2015,3,0.5789,0.4608,0.4029,0.3,0.9907
ES,policy,2015,4,0.6739,0.4514,0.4139,0.3,0.8995
ES,policy,2015,5,0.7638,0.4503,0.4186,0.2,0.7671
ES,policy,2015,6,0.8747,0.4565,0.4239,0.2,0.915
ES,policy,2015,7,1.0182,0.4633,0.4286,0.1,0.8303
ES,policy,2015,8,1.2123,0.4713,0.4357,0.1,0.6859
ES,policy,2015,9,1.5353,0.4052,0.4394,0.0,0.7929
ES,policy,2015,10,2.5896,0.3194,0.4042,0.0,0.8847
ES,policy,2016,1,0.2781,0.3776,0.3819,0.4,0.8871
ES,policy,2016,2,0.4515,0.4291,0.3837,0.4,0.9448
ES,policy,2016,3,0.5789,0.4596,0.4017,0.3,0.9859
ES,policy,2016,4,0.6739,0.4481,0.4123,0.3,0.9005
ES,policy,2016,5,0.7638,0.4474,0.4167,0.2,0.7689
ES,policy,2016,6,0.8747,0.4534,0.4218,0.2,0.9157
ES,policy,2016,7,1.0182,0.4603,0.4265,0.1,0.8235
ES,policy,2016,8,1.2123,0.4642,0.4333,0.1,0.6954
ES,policy,2016,9,1.5353,0.3998,0.437,0.0,0.7956
ES,policy,2016,10,2.5896,0.3109,0.4005,0.0,0.8892
ES,policy,2017,1,0.2781,0.3784,0.383,0.4,0.887
ES,policy,2017,2,0.4515,0.4305,0.3849,0.4,0.9397
ES,policy,2017,3,0.5789,0.4579,0.403,0.3,0.9897
ES,policy,2017,4,0.6739,0.449,0.4134,0.3,0.9
ES,policy,2017,5,0.7638,0.4484,0.4178,0.2,0.7688
ES,policy,2017,6,0.8747,0.4547,0.4229,0.2,0.9144
ES,policy,2017,7,1.0182,0.4613,0.4276,0.1,0.8232
ES,policy,2017,8,1.2123,0.4654,0.4344,0.1,0.7026
ES,policy,2017,9,1.5353,0.4075,0.4397,0.0,0.7859
ES,policy,2017,10,2.5896,0.3121,0.4048,0.0,0.8886
ES,policy,2018,1,0.2781,0.3789,0.3842,0.4,0.8626
ES,policy,2018,2,0.4515,0.4004,0.3829,0.4,0.9811
ES,policy,2018,3,0.5789,0.4682,0.3997,0.3,0.9865
ES,policy,2018,4,0.6739,0.4534,0.4118,0.3,0.9267
ES,policy,2018,5,0.7638,0.4609,0.4182,0.2,0.7397
ES,policy,2018,6,0.8747,0.4575,0.4246,0.2,0.9096
ES,policy,2018,7,1.0182,0.4625,0.4293,0.1,0.8255
ES,policy,2018,8,1.2123,0.4682,0.436,0.1,0.689
ES,policy,2018,9,1.5353,0.4023,0.4406,0.0,0.7939
ES,policy,2018,10,2.5896,0.3141,0.405,0.0,0.8875
ES,policy,2019,1,0.2781,0.3884,0.3887,0.4,0.8299
ES,policy,2019,2,0.4515,0.363,0.3921,0.4,0.9906
ES,policy,2019,3,0.5789,0.4644,0.4031,0.3,0.9997
ES,policy,2019,4,0.6739,0.4576,0.4143,0.3,0.9181
ES,policy,2019,5,0.7638,0.4621,0.4196,0.2,0.7346
ES,policy,2019,6,0.8747,0.4573,0.4255,0.2,0.907
ES,policy,2019,7,1.0182,0.4616,0.4305,0.1,0.8284
ES,policy,2019,8,1.2123,0.4688,0.437,0.1,0.742
ES,policy,2019,9,1.5353,0.4411,0.4439,0.0,0.739
ES,policy,2019,10,2.5896,0.3146,0.4132,0.0,0.8872
ES,policy,2020,1,0.2781,0.6541,0.8152,0.4,-0.8068
ES,policy,2020,2,0.4515,0.3605,0.6763,0.4,0.3468
ES,policy,2020,3,0.5789,0.4184,0.5719,0.3,0.9058
ES,policy,2020,4,0.6739,0.4726,0.5279,0.3,0.7501
ES,policy,2020,5,0.7638,0.4595,0.5163,0.2,0.6566
ES,policy,2020,6,0.8747,0.4503,0.4888,0.2,0.8702
ES,policy,2020,7,1.0182,0.4574,0.4963,0.1,0.8005
ES,policy,2020,8,1.2123,0.4613,0.4799,0.1,0.7707
ES,policy,2020,9,1.5353,0.4585,0.4715,0.0,0.7104
ES,policy,2020,10,2.5896,0.3122,0.425,0.0,0.8885
ES,policy,2021,1,0.2781,0.6273,0.8099,0.4,-0.6873
ES,policy,2021,2,0.4515,0.4162,0.6689,0.4,0.4009
ES,policy,2021,3,0.5789,0.4628,0.5733,0.3,0.8315
ES,policy,2021,4,0.6739,0.4697,0.5331,0.3,0.7769
ES,policy,2021,5,0.7638,0.4686,0.5215,0.2,0.6525
ES,policy,2021,6,0.8747,0.4614,0.495,0.2,0.8591
ES,policy,2021,7,1.0182,0.4655,0.5024,0.1,0.8027
ES,policy,2021,8,1.2123,0.4732,0.4869,0.1,0.7203
ES,policy,2021,9,1.5353,0.4447,0.4781,0.0,0.7366
ES,policy,2021,10,2.5896,0.3202,0.4278,0.0,0.8843
ES,policy,2022,1,0.2781,0.6537,0.8475,0.4,-1.2501
ES,policy,2022,2,0.4515,0.3837,0.7225,0.4,0.1329
ES,policy,2022,3,0.5789,0.4236,0.6179,0.3,0.8197
ES,policy,2022,4,0.6739,0.4747,0.5722,0.3,0.7028
ES,policy,2022,5,0.7638,0.4676,0.5533,0.2,0.6241
ES,policy,2022,6,0.8747,0.4609,0.5253,0.2,0.8414
ES,policy,2022,7,1.0182,0.4675,0.5274,0.1,0.8516
ES,policy,2022,8,1.2123,0.5023,0.5093,0.1,0.6253
ES,policy,2022,9,1.5353,0.4335,0.497,0.0,0.7533
ES,policy,2022,10,2.5896,0.3199,0.4382,0.0,0.8845
ES,policy,2023,1,0.2781,0.6551,0.8278,0.4,-0.9365
ES,policy,2023,2,0.4515,0.4039,0.7012,0.4,0.2617
ES,policy,2023,3,0.5789,0.4515,0.6014,0.3,0.8196
ES,policy,2023,4,0.6739,0.4776,0.5588,0.3,0.7255
ES,policy,2023,5,0.7638,0.4706,0.5423,0.2,0.6273
ES,policy,2023,6,0.8747,0.4615,0.5171,0.2,0.831
ES,policy,2023,7,1.0182,0.4621,0.5204,0.1,0.8013
ES,policy,2023,8,1.2123,0.4721,0.5022,0.1,0.7134
ES,policy,2023,9,1.5353,0.4425,0.4918,0.0,0.7378
ES,policy,2023,10,2.5896,0.3162,0.4371,0.0,0.8864
ES,policy,2024,1,0.2781,0.6449,0.8275,0.4,-0.9122
ES,policy,2024,2,0.4515,0.4198,0.6956,0.4,0.2913
ES,policy,2024,3,0.5789,0.4624,0.6019,0.3,0.8096
ES,policy,2024,4,0.6739,0.4806,0.5611,0.3,0.6955
ES,policy,2024,5,0.7638,0.4644,0.5447,0.2,0.6489
ES,policy,2024,6,0.8747,0.4636,0.5184,0.2,0.8439
ES,policy,2024,7,1.0182,0.4688,0.5213,0.1,0.7975
ES,policy,2024,8,1.2123,0.4784,0.5053,0.1,0.6511
ES,policy,2024,9,1.5353,0.4097,0.492,0.0,0.7878
ES,policy,2024,10,2.5896,0.3212,0.4344,0.0,0.8837
ES,policy,2025,1,0.2781,0.6566,0.8293,0.4,-0.909
ES,policy,2025,2,0.4515,0.4649,0.711,0.4,0.1777
ES,policy,2025,3,0.5789,0.4588,0.614,0.3,0.7702
ES,policy,2025,4,0.6739,0.4722,0.5701,0.3,0.6918
ES,policy,2025,5,0.7638,0.4606,0.5519,0.2,0.6536
ES,policy,2025,6,0.8747,0.4638,0.5232,0.2,0.8483
ES,policy,2025,7,1.0182,0.4719,0.5265,0.1,0.7877
ES,policy,2025,8,1.2123,0.4786,0.5085,0.1,0.6794
ES,policy,2025,9,1.5353,0.4312,0.4951,0.0,0.7618
ES,policy,2025,10,2.5896,0.3294,0.4391,0.0,0.8793
ES,policy,2026,1,0.2781,0.7223,0.8337,0.4,-1.0216
ES,policy,2026,2,0.4515,0.484,0.7305,0.4,0.0915
ES,policy,2026,3,0.5789,0.4784,0.6298,0.3,0.7471
ES,policy,2026,4,0.6739,0.4882,0.5822,0.3,0.6303
ES,policy,2026,5,0.7638,0.4608,0.5625,0.2,0.6424
ES,policy,2026,6,0.8747,0.4639,0.5304,0.2,0.847
ES,policy,2026,7,1.0182,0.4737,0.5342,0.1,0.7846
ES,policy,2026,8,1.2123,0.4809,0.5139,0.1,0.6892
ES,policy,2026,9,1.5353,0.4428,0.4994,0.0,0.7457
ES,policy,2026,10,2.5896,0.3317,0.4433,0.0,0.8781
SE,policy,2009,1,0.573,0.5588,0.5098,0.4,1.2032
SE,policy,2009,2,0.6916,0.5619,0.5183,0.4,1.5715
SE,policy,2009,3,0.7471,0.564,0.5216,0.3,0.8866
SE,policy,2009,4,0.8,0.5647,0.5244,0.3,0.8418
SE,policy,2009,5,0.854,0.5734,0.527,0.2,0.978
SE,policy,2009,6,0.9123,0.599,0.5308,0.2,0.8279
SE,policy,2009,7,0.9815,0.6273,0.5365,0.1,0.5549
SE,policy,2009,8,1.0813,0.6545,0.5457,0.1,0.2341
SE,policy,2009,9,1.2857,0.6919,0.5653,0.0,0.2974
SE,policy,2009,10,2.0714,0.7285,0.6235,0.0,0.2928
SE,policy,2010,1,0.573,0.5546,0.5063,0.4,1.2027
SE,policy,2010,2,0.6916,0.5591,0.5149,0.4,1.5806
SE,policy,2010,3,0.7471,0.5633,0.5183,0.3,0.9062
SE,policy,2010,4,0.8,0.566,0.5212,0.3,0.8754
SE,policy,2010,5,0.854,0.5779,0.5241,0.2,0.9544
SE,policy,2010,6,0.9123,0.6004,0.5283,0.2,0.8261
SE,policy,2010,7,0.9815,0.6282,0.5343,0.1,0.5599
SE,policy,2010,8,1.0813,0.6559,0.544,0.1,0.2512
SE,policy,2010,9,1.2857,0.6962,0.5643,0.0,0.2722
SE,policy,2010,10,2.0714,0.7297,0.6234,0.0,0.2884
SE,policy,2011,1,0.573,0.5515,0.5035,0.4,1.1998
SE,policy,2011,2,0.6916,0.556,0.512,0.4,1.573
SE,policy,2011,3,0.7471,0.5602,0.5154,0.3,0.9152
SE,policy,2011,4,0.8,0.5639,0.5184,0.3,0.812
SE,policy,2011,5,0.854,0.5684,0.5213,0.2,1.0126
SE,policy,2011,6,0.9123,0.5976,0.5253,0.2,0.8419
SE,policy,2011,7,0.9815,0.6268,0.5311,0.1,0.5534
SE,policy,2011,8,1.0813,0.6535,0.5408,0.1,0.2322
SE,policy,2011,9,1.2857,0.6899,0.561,0.0,0.3079
SE,policy,2011,10,2.0714,0.7277,0.6205,0.0,0.2954
SE,policy,2012,1,0.573,0.549,0.5007,0.4,1.1982
SE,policy,2012,2,0.6916,0.5535,0.5093,0.4,1.5677
SE,policy,2012,3,0.7471,0.5577,0.5127,0.3,0.9165
SE,policy,2012,4,0.8,0.5615,0.5157,0.3,0.7776
SE,policy,2012,5,0.854,0.5615,0.5186,0.2,1.0506
SE,policy,2012,6,0.9123,0.5953,0.5222,0.2,0.8481
SE,policy,2012,7,0.9815,0.6251,0.5277,0.1,0.556
SE,policy,2012,8,1.0813,0.6516,0.5371,0.1,0.201
SE,policy,2012,9,1.2857,0.682,0.5572,0.0,0.3524
SE,policy,2012,10,2.0714,0.7262,0.6171,0.0,0.3008
SE,policy,2013,1,0.573,0.5479,0.5,0.4,1.1976
SE,policy,2013,2,0.6916,0.5528,0.5086,0.4,1.5644
SE,policy,2013,3,0.7471,0.5567,0.5121,0.3,0.9165
SE,policy,2013,4,0.8,0.5606,0.5151,0.3,0.7889
SE,policy,2013,5,0.854,0.5619,0.518,0.2,1.0405
SE,policy,2013,6,0.9123,0.5946,0.5216,0.2,0.8609
SE,policy,2013,7,0.9815,0.6255,0.527,0.1,0.5459
SE,policy,2013,8,1.0813,0.651,0.5363,0.1,0.2039
SE,policy,2013,9,1.2857,0.6815,0.5564,0.0,0.3547
SE,policy,2013,10,2.0714,0.7259,0.6164,0.0,0.3017
SE,policy,2014,1,0.573,0.5448,0.4948,0.4,1.1845
SE,policy,2014,2,0.6916,0.5448,0.5035,0.4,1.5512
SE,policy,2014,3,0.7471,0.5502,0.5068,0.3,0.9285
SE,policy,2014,4,0.8,0.5555,0.5098,0.3,0.7994
SE,policy,2014,5,0.854,0.5576,0.5127,0.2,1.0393
SE,policy,2014,6,0.9123,0.5902,0.5166,0.2,0.8744
SE,policy,2014,7,0.9815,0.6224,0.5223,0.1,0.5951
SE,policy,2014,8,1.0813,0.6527,0.532,0.1,0.198
SE,policy,2014,9,1.2857,0.6827,0.5531,0.0,0.3486
SE,policy,2014,10,2.0714,0.7264,0.6147,0.0,0.3001
SE,policy,2015,1,0.573,0.5473,0.4978,0.4,1.1854
SE,policy,2015,2,0.6916,0.5472,0.5065,0.4,1.5561
SE,policy,2015,3,0.7471,0.5527,0.5098,0.3,0.9242
SE,policy,2015,4,0.8,0.5576,0.5128,0.3,0.8293
SE,policy,2015,5,0.854,0.5637,0.5157,0.2,1.0094
SE,policy,2015,6,0.9123,0.5926,0.5194,0.2,0.8712
SE,policy,2015,7,0.9815,0.6245,0.5249,0.1,0.5975
SE,policy,2015,8,1.0813,0.6555,0.5344,0.1,0.1797
SE,policy,2015,9,1.2857,0.6839,0.5552,0.0,0.3477
SE,policy,2015,10,2.0714,0.7283,0.6165,0.0,0.2935
SE,policy,2016,1,0.573,0.5504,0.5036,0.4,1.1912
SE,policy,2016,2,0.6916,0.553,0.5118,0.4,1.5573
SE,policy,2016,3,0.7471,0.5566,0.515,0.3,0.9153
SE,policy,2016,4,0.8,0.5607,0.5179,0.3,0.9189
SE,policy,2016,5,0.854,0.5776,0.5207,0.2,0.9174
SE,policy,2016,6,0.9123,0.596,0.525,0.2,0.8621
SE,policy,2016,7,0.9815,0.6273,0.5311,0.1,0.5725
SE,policy,2016,8,1.0813,0.6561,0.5409,0.1,0.3204
SE,policy,2016,9,1.2857,0.7061,0.5621,0.0,0.279
SE,policy,2016,10,2.0714,0.7493,0.6279,0.0,0.2121
SE,policy,2017,1,0.573,0.551,0.5048,0.4,1.1974
SE,policy,2017,2,0.6916,0.5559,0.5129,0.4,1.5666
SE,policy,2017,3,0.7471,0.5594,0.5161,0.3,0.8983
SE,policy,2017,4,0.8,0.5612,0.519,0.3,0.9685
SE,policy,2017,5,0.854,0.5837,0.5218,0.2,0.8852
SE,policy,2017,6,0.9123,0.5984,0.5262,0.2,0.842
SE,policy,2017,7,0.9815,0.6277,0.5325,0.1,0.5712
SE,policy,2017,8,1.0813,0.6565,0.5424,0.1,0.3459
SE,policy,2017,9,1.2857,0.7102,0.5637,0.0,0.2504
SE,policy,2017,10,2.0714,0.7497,0.6293,0.0,0.2104
SE,policy,2018,1,0.573,0.5515,0.5059,0.4,1.1982
SE,policy,2018,2,0.6916,0.5568,0.5139,0.4,1.5772
SE,policy,2018,3,0.7471,0.5615,0.5171,0.3,0.8892
SE,policy,2018,4,0.8,0.5621,0.52,0.3,0.8778
SE,policy,2018,5,0.854,0.5745,0.5228,0.2,0.9843
SE,policy,2018,6,0.9123,0.6003,0.5269,0.2,0.8278
SE,policy,2018,7,0.9815,0.6282,0.5329,0.1,0.5704
SE,policy,2018,8,1.0813,0.6569,0.5427,0.1,0.2997
SE,policy,2018,9,1.2857,0.7044,0.5638,0.0,0.294
SE,policy,2018,10,2.0714,0.7499,0.6292,0.0,0.2095
SE,policy,2019,1,0.573,0.5481,0.5043,0.4,1.1951
SE,policy,2019,2,0.6916,0.5544,0.512,0.4,1.5704
SE,policy,2019,3,0.7471,0.5591,0.5151,0.3,0.8927
SE,policy,2019,4,0.8,0.5601,0.5181,0.3,0.8164
SE,policy,2019,5,0.854,0.5652,0.5209,0.2,0.9387
SE,policy,2019,6,0.9123,0.5868,0.5237,0.2,0.721
SE,policy,2019,7,0.9815,0.6036,0.5287,0.1,0.6328
SE,policy,2019,8,1.0813,0.6367,0.5374,0.1,0.4134
SE,policy,2019,9,1.2857,0.6951,0.5575,0.0,0.36
SE,policy,2019,10,2.0714,0.7502,0.6242,0.0,0.2083
SE,policy,2020,1,0.573,0.4635,0.4113,0.4,1.1517
SE,policy,2020,2,0.6916,0.4709,0.4205,0.4,1.4253
SE,policy,2020,3,0.7471,0.4771,0.4242,0.3,0.9295
SE,policy,2020,4,0.8,0.4778,0.4277,0.3,0.8804
SE,policy,2020,5,0.854,0.4839,0.4311,0.2,0.8622
SE,policy,2020,6,0.9123,0.49,0.4345,0.2,0.9156
SE,policy,2020,7,0.9815,0.5254,0.4399,0.1,0.7529
SE,policy,2020,8,1.0813,0.5633,0.4497,0.1,0.5887
SE,policy,2020,9,1.2857,0.6302,0.4729,0.0,0.457
SE,policy,2020,10,2.0714,0.6667,0.5432,0.0,0.4727
SE,policy,2021,1,0.573,0.5496,0.499,0.4,1.2259
SE,policy,2021,2,0.6916,0.5621,0.5084,0.4,1.6201
SE,policy,2021,3,0.7471,0.5685,0.5125,0.3,0.9348
SE,policy,2021,4,0.8,0.5732,0.5163,0.3,0.7798
SE,policy,2021,5,0.854,0.573,0.5199,0.2,0.7784
SE,policy,2021,6,0.9123,0.5762,0.5234,0.2,0.8397
SE,policy,2021,7,0.9815,0.6061,0.5276,0.1,0.6066
SE,policy,2021,8,1.0813,0.6363,0.5358,0.1,0.3712
SE,policy,2021,9,1.2857,0.6881,0.5548,0.0,0.2937
SE,policy,2021,10,2.0714,0.7204,0.6147,0.0,0.3208
SE,policy,2022,1,0.573,0.5472,0.4928,0.4,1.2295
SE,policy,2022,2,0.6916,0.5597,0.5031,0.4,1.6178
SE,policy,2022,3,0.7471,0.5659,0.5075,0.3,0.9391
SE,policy,2022,4,0.8,0.5707,0.5115,0.3,0.782
SE,policy,2022,5,0.854,0.5702,0.5152,0.2,0.8102
SE,policy,2022,6,0.9123,0.5766,0.5188,0.2,0.828
SE,policy,2022,7,0.9815,0.6048,0.524,0.1,0.6995
SE,policy,2022,8,1.0813,0.6457,0.533,0.1,0.3335
SE,policy,2022,9,1.2857,0.6942,0.5542,0.0,0.2465
SE,policy,2022,10,2.0714,0.7183,0.6147,0.0,0.3278
SE,policy,2023,1,0.573,0.5391,0.4853,0.4,1.2068
SE,policy,2023,2,0.6916,0.5465,0.4948,0.4,1.5732
SE,policy,2023,3,0.7471,0.5521,0.4987,0.3,0.905
SE,policy,2023,4,0.8,0.5528,0.5022,0.3,0.8291
SE,policy,2023,5,0.854,0.5576,0.5056,0.2,0.8018
SE,policy,2023,6,0.9123,0.5622,0.5089,0.2,0.7764
SE,policy,2023,7,0.9815,0.5838,0.5127,0.1,0.7105
SE,policy,2023,8,1.0813,0.6242,0.5201,0.1,0.3283
SE,policy,2023,9,1.2857,0.6637,0.5394,0.0,0.4197
SE,policy,2023,10,2.0714,0.7142,0.6018,0.0,0.3411
SE,policy,2024,1,0.573,0.5302,0.4781,0.4,1.1801
SE,policy,2024,2,0.6916,0.5314,0.4873,0.4,1.5436
SE,policy,2024,3,0.7471,0.5395,0.4909,0.3,0.9533
SE,policy,2024,4,0.8,0.547,0.4943,0.3,0.8404
SE,policy,2024,5,0.854,0.5524,0.4976,0.2,0.7832
SE,policy,2024,6,0.9123,0.5538,0.5012,0.2,0.9093
SE,policy,2024,7,0.9815,0.591,0.506,0.1,0.6572
SE,policy,2024,8,1.0813,0.6247,0.515,0.1,0.42
SE,policy,2024,9,1.2857,0.6798,0.536,0.0,0.3245
SE,policy,2024,10,2.0714,0.7138,0.6001,0.0,0.3423
SE,policy,2025,1,0.573,0.5206,0.4731,0.4,1.1722
SE,policy,2025,2,0.6916,0.5239,0.4815,0.4,1.5224
SE,policy,2025,3,0.7471,0.5316,0.485,0.3,0.9641
SE,policy,2025,4,0.8,0.5408,0.4884,0.3,0.8664
SE,policy,2025,5,0.854,0.5491,0.4917,0.2,0.7773
SE,policy,2025,6,0.9123,0.5491,0.4954,0.2,0.9237
SE,policy,2025,7,0.9815,0.5877,0.5003,0.1,0.6729
SE,policy,2025,8,1.0813,0.623,0.5094,0.1,0.3874
SE,policy,2025,9,1.2857,0.6716,0.5304,0.0,0.3108
SE,policy,2025,10,2.0714,0.693,0.5903,0.0,0.4048
SE,policy,2026,1,0.573,0.5095,0.4682,0.4,1.1512
SE,policy,2026,2,0.6916,0.5108,0.4755,0.4,1.5129
SE,policy,2026,3,0.7471,0.5232,0.4787,0.3,0.9795
SE,policy,2026,4,0.8,0.5348,0.4819,0.3,0.8758
SE,policy,2026,5,0.854,0.5438,0.4852,0.2,0.7935
SE,policy,2026,6,0.9123,0.5452,0.489,0.2,0.8963
SE,policy,2026,7,0.9815,0.5802,0.4933,0.1,0.7314
SE,policy,2026,8,1.0813,0.6222,0.5019,0.1,0.3039
SE,policy,2026,9,1.2857,0.6549,0.5231,0.0,0.4033
SE,policy,2026,10,2.0714,0.6929,0.585,0.0,0.4051
